ID,性別,年齢,愛着スタイル,孤独感1,孤独感2,孤独感3,孤独感4,孤独感5,孤独感6,孤独感7,孤独感8,孤独感9,孤独感10,孤独感11,孤独感12,孤独感13,孤独感14,孤独感15,孤独感16,孤独感17,孤独感18,孤独感19,孤独感20,主観的幸福感1,主観的幸福感2,主観的幸福感3,主観的幸福感4,主観的幸福感5,BigFive1,BigFive2,BigFive3,BigFive4,BigFive5,BigFive6,BigFive7,BigFive8,BigFive9,BigFive10,BigFive11,BigFive12,BigFive13,BigFive14,BigFive15,BigFive16,BigFive17,BigFive18,BigFive19,BigFive20,BigFive21,BigFive22,BigFive23,BigFive24,BigFive25,BigFive26,BigFive27,BigFive28,BigFive29,BigFive30,孤独感得点,誠実性得点,調和性得点,神経症傾向得点,開放性得点,外向性得点,主観的幸福感得点
1,女性,22,回避,2,3,2,3,2,2,3,2,1,3,2,2,3,2,3,2,3,3,3,3,22,35,28,55,7,5,4,3,4,2,6,5,2,3,6,4,4,5,5,4,5,4,4,5,3,5,3,6,2,5,6,5,2,6,5,2.55,3.333333333,3.833333333,4.333333333,4.5,2.333333333,44.6
2,女性,20,回避,2,2,3,1,1,2,4,2,2,2,2,2,2,3,1,2,4,3,2,2,60,61,51,30,19,1,2,2,2,2,5,1,3,6,7,1,1,7,7,2,1,1,5,7,3,1,1,5,1,3,4,2,1,7,7,2.9,1.166666667,2.5,3.166666667,1.333333333,1.5,64.6
3,男性,20,回避,3,3,3,2,2,1,3,2,3,3,2,2,2,3,2,2,2,4,3,3,65,80,71,64,32,5,5,2,5,5,3,2,2,6,6,5,3,6,5,4,4,6,2,5,3,5,3,5,2,3,5,5,2,5,6,2.4,2.833333333,4.333333333,2.5,4.666666667,2.833333333,64
4,女性,20,安定,4,1,4,4,4,1,1,1,4,4,1,1,1,2,1,4,1,1,4,4,100,100,100,31,61,7,6,7,2,7,7,6,3,3,3,7,6,2,5,7,2,2,7,2,6,7,6,1,7,6,3,3,7,5,1,1.2,4.833333333,6,6.5,3.666666667,6.833333333,81.6
5,女性,21,アンビバレント,2,2,3,3,3,2,3,2,1,3,2,2,3,3,2,3,2,3,4,3,77,79,70,51,39,4,6,5,6,3,5,4,2,6,6,5,6,6,5,5,6,5,5,4,5,4,5,3,1,5,5,6,3,4,5,2.35,2.833333333,5,4.833333333,5.5,3.166666667,67.2
6,女性,20,安定,3,2,3,2,2,2,2,2,1,3,1,3,2,2,3,4,2,2,3,3,50,40,35,72,60,3,6,3,5,2,3,6,2,7,6,5,3,7,6,4,5,4,6,3,5,6,3,3,2,5,2,4,5,6,5,2.15,1.833333333,5,4.666666667,4.5,3.666666667,38.6
7,女性,20,安定,3,1,3,3,2,1,3,1,3,4,1,2,2,2,3,3,1,2,3,3,30,60,65,90,40,5,6,5,7,3,5,6,4,5,5,3,5,5,5,6,4,4,7,1,6,3,7,2,4,6,5,5,5,5,3,1.8,3.333333333,4.833333333,5.833333333,4.666666667,5,45
8,男性,20,安定,3,1,4,3,3,1,2,1,4,4,1,2,1,2,3,3,1,2,4,4,82,85,92,4,10,5,6,3,5,6,4,5,4,2,1,5,5,2,2,6,4,4,5,1,3,6,5,1,6,3,3,3,6,3,2,1.45,5.833333333,5.166666667,3.833333333,4.5,6.333333333,89
9,男性,20,回避,3,1,4,2,3,1,3,1,2,3,1,3,1,2,2,3,3,2,3,3,57,68,57,60,8,2,3,5,4,4,5,6,3,1,5,5,4,1,2,4,2,3,5,5,5,5,3,5,3,6,2,4,3,5,5,2,4.666666667,4.333333333,5.333333333,3.666666667,3.166666667,62.8
10,女性,20,安定,3,1,3,3,3,1,2,1,3,4,1,2,2,1,3,4,1,1,4,4,75,90,90,0,0,4,6,3,4,6,4,2,1,1,3,6,5,2,2,6,4,3,5,1,6,5,6,2,5,6,1,4,7,2,3,1.45,5.666666667,6.333333333,4.333333333,4.166666667,6,91
11,男性,20,回避,3,2,2,2,3,3,2,2,2,2,2,3,3,3,2,2,2,2,2,3,30,36,41,70,56,2,3,7,3,2,6,7,5,4,5,3,2,6,4,3,1,2,7,6,7,2,3,6,2,6,5,3,4,4,5,2.55,3.166666667,3,6.666666667,2.166666667,2.5,36.2
12,男性,20,安定,3,1,4,3,3,1,3,1,4,4,1,2,1,2,4,4,1,2,4,4,89,88,72,39,30,5,6,6,3,7,2,6,2,2,3,6,6,7,7,6,3,3,3,2,6,6,6,3,7,3,2,3,7,6,1,1.4,3.333333333,6,4.333333333,4,6.5,76
13,女性,20,回避,2,3,2,1,2,2,3,1,1,3,2,4,3,3,1,2,3,3,2,3,61,45,76,61,72,5,3,7,5,4,7,7,6,5,2,4,3,3,3,4,6,2,7,6,7,7,4,5,1,7,7,4,3,2,3,2.9,5,3,7,4.5,3,49.8
14,女性,20,安定,3,1,4,3,3,1,2,1,4,4,1,2,1,2,4,4,2,1,4,4,35,43,43,68,61,4,6,6,3,6,5,3,3,1,3,7,4,5,4,5,4,4,5,1,5,5,6,3,6,5,1,3,7,6,1,1.35,4.166666667,6,4.833333333,3.833333333,6.333333333,38.4
15,女性,21,アンビバレント,3,1,3,3,2,1,3,1,2,3,1,3,2,2,2,2,2,3,4,3,50,51,51,60,20,4,4,6,4,5,6,5,4,1,5,5,3,2,4,4,4,4,6,4,6,4,5,3,4,6,4,4,6,6,3,2.1,4.333333333,4.333333333,5.833333333,3.833333333,4.833333333,54.4
16,男性,21,回避,3,2,2,2,3,2,2,2,1,3,3,2,2,2,2,3,2,2,3,3,28,52,64,72,51,4,2,5,6,3,5,5,4,6,6,3,4,6,5,4,4,3,6,6,5,4,5,6,2,6,6,4,6,6,4,2.3,2.5,3.333333333,5.333333333,4.166666667,3.166666667,44.2
17,女性,21,安定,3,1,3,3,3,1,4,1,3,4,1,2,1,2,4,3,3,2,4,4,74,84,80,45,11,3,5,5,4,5,3,3,3,4,3,5,4,5,4,5,3,3,5,3,5,5,5,3,4,4,3,4,5,5,3,1.7,3.666666667,5,4.166666667,3.833333333,4.833333333,76.4
18,女性,20,安定,3,1,4,2,2,1,3,1,3,4,2,2,1,1,4,4,2,1,4,4,60,60,80,30,0,6,5,7,5,6,5,3,6,5,5,5,6,6,5,5,5,3,5,3,5,4,4,2,5,5,6,5,6,5,3,1.55,3.333333333,3.833333333,5,4.666666667,5.5,74
19,女性,20,安定,3,1,4,4,3,1,2,1,2,4,1,4,3,2,3,4,3,1,4,4,75,75,76,30,5,6,6,6,2,5,6,6,1,3,2,6,3,3,6,6,4,2,6,5,5,6,5,5,1,5,2,2,5,4,5,1.7,4.666666667,6,5.666666667,3.166666667,3.333333333,78.2
20,女性,20,回避,3,1,3,3,3,2,3,1,3,4,1,2,2,2,1,4,1,2,4,4,68,64,60,66,29,5,6,6,5,6,5,7,5,2,5,5,2,2,3,6,4,4,5,2,6,6,5,1,6,5,3,2,7,3,1,1.75,5,5,5.666666667,3.833333333,6.5,59.4
21,女性,20,回避,2,2,2,3,2,1,2,1,1,4,1,3,3,3,2,4,3,3,3,4,11,41,26,72,58,3,3,5,3,4,7,4,4,7,6,5,4,1,5,3,5,3,6,6,7,4,3,1,3,6,1,2,3,3,5,2.25,3.5,4.166666667,5.833333333,3.5,3.666666667,29.6
22,女性,20,安定,4,3,4,2,2,1,1,1,1,4,1,1,1,1,4,4,1,1,4,4,51,51,80,10,0,4,4,3,4,2,3,5,2,4,7,4,4,7,7,4,4,4,5,5,5,4,4,5,2,5,5,5,3,7,5,1.45,2,4.166666667,4.333333333,4.166666667,2.666666667,74.4
23,女性,20,回避,2,1,2,2,2,2,4,3,4,3,3,3,3,3,2,2,3,3,3,2,39,45,61,42,43,3,2,7,6,3,5,4,6,3,6,2,3,5,6,3,5,4,7,5,7,5,2,7,2,6,5,6,3,7,6,2.7,2.666666667,2.333333333,6,4.833333333,2.333333333,52
24,女性,20,安定,4,1,4,4,3,1,2,1,1,4,2,3,1,2,4,4,2,4,4,4,94,90,92,21,8,2,7,5,6,7,7,2,6,7,7,7,2,6,7,7,2,2,7,2,7,6,6,2,5,7,2,6,6,7,1,1.65,1.333333333,5.833333333,5.833333333,4,6.166666667,89.4
25,女性,20,安定,3,1,3,2,3,1,4,1,3,3,2,2,2,2,3,4,3,1,4,4,27,35,71,61,57,6,4,7,3,5,7,5,2,2,6,6,5,5,5,6,4,2,6,2,6,5,5,3,6,7,6,5,6,5,2,1.85,3.833333333,4.833333333,6.333333333,4,5.666666667,43
26,女性,20,安定,3,1,3,3,3,1,1,1,4,4,1,2,1,2,3,4,1,1,4,4,82,82,94,9,9,5,6,6,5,6,3,3,5,4,6,5,2,6,6,5,3,5,6,2,7,3,5,3,6,6,5,3,5,6,3,1.35,2.833333333,4.5,5.166666667,3.5,5.5,88
27,男性,21,安定,3,1,3,3,2,1,3,2,2,4,1,2,1,3,2,3,1,2,3,3,60,70,70,20,10,3,4,5,4,4,5,7,3,4,6,5,4,6,6,4,4,4,7,2,5,6,5,6,1,5,6,4,7,5,5,1.95,2.666666667,4.166666667,5.666666667,4.333333333,3.833333333,74
28,女性,20,安定,4,1,1,3,4,1,1,1,4,4,1,1,1,1,2,4,1,1,4,4,96,100,89,1,0,5,2,3,4,6,3,2,2,2,2,4,5,3,4,5,4,4,5,2,6,4,5,1,5,4,1,2,5,2,2,1.3,5.333333333,4.833333333,3.833333333,3.833333333,5.833333333,96.8
29,女性,20,安定,4,1,4,3,4,1,1,1,4,4,1,1,1,2,4,4,2,1,4,4,82,84,84,23,9,2,6,5,6,6,5,2,2,2,5,6,3,6,6,6,4,2,2,4,2,4,6,2,3,2,3,3,6,6,2,1.15,2.833333333,5.833333333,3,3.666666667,5.166666667,83.6
30,女性,20,安定,3,2,3,3,3,1,3,2,3,3,1,2,2,2,3,3,1,2,3,3,62,65,77,40,19,5,4,5,5,5,3,3,5,3,3,5,5,4,3,4,4,5,3,2,5,4,3,3,4,3,5,5,5,4,3,1.9,4.666666667,3.666666667,3.666666667,4.666666667,5,69
31,男性,20,安定,3,1,3,2,2,1,2,1,2,3,1,1,2,1,3,3,2,2,3,3,30,40,30,40,0,4,4,6,3,3,6,6,1,2,3,4,3,5,5,4,1,2,6,4,7,5,4,4,3,5,5,3,5,3,4,1.85,4.333333333,4.333333333,6,2.833333333,3.833333333,52
32,男性,21,安定,3,1,3,3,4,1,2,1,2,4,1,2,2,1,3,4,2,2,4,4,86,85,82,15,3,2,5,5,2,4,6,5,1,3,6,6,3,6,6,5,2,2,4,4,5,4,5,3,4,5,1,2,5,6,5,1.55,2.5,5.833333333,5,2.5,4.166666667,87
33,女性,21,回避,3,1,2,3,4,2,2,2,2,4,1,2,2,3,2,3,3,2,3,3,40,48,48,80,40,3,5,6,6,3,6,5,5,6,7,5,2,6,6,5,3,3,6,5,7,6,5,3,3,6,5,5,5,5,5,2.05,2.166666667,4.333333333,6,4.166666667,3.666666667,43.2
34,女性,20,安定,3,1,4,3,3,1,2,1,3,4,1,2,2,1,3,3,3,2,4,4,60,85,70,50,30,6,6,7,2,6,7,6,2,5,3,7,4,1,1,6,2,1,7,5,7,5,6,2,3,7,2,2,3,3,3,1.6,5.5,6.166666667,6.833333333,2.666666667,4.333333333,67
35,女性,20,安定,3,2,3,3,3,1,2,2,3,4,1,2,2,1,3,3,2,2,3,4,69,47,53,72,40,4,6,6,5,5,6,5,2,4,5,6,4,5,6,6,3,3,6,3,6,6,6,4,5,6,3,3,4,6,3,1.75,3,5.833333333,5.833333333,4,4.666666667,51.4
36,男性,20,アンビバレント,3,2,3,3,3,1,3,2,3,4,1,1,2,2,3,3,3,2,4,3,83,86,73,33,16,6,5,6,4,5,5,6,5,3,3,5,5,3,5,5,5,4,6,3,6,4,5,4,5,6,4,4,4,3,4,1.85,4.833333333,4.5,5.833333333,4.333333333,4.5,78.6
37,女性,20,アンビバレント,3,1,4,2,2,1,3,1,2,4,2,3,2,2,3,3,2,4,4,3,57,69,69,76,90,2,6,7,5,2,7,7,2,1,7,6,1,5,5,6,1,1,7,5,7,5,6,2,6,7,1,5,7,4,1,2.05,3.333333333,6.166666667,7,3,5.166666667,45.8
38,女性,20,安定,4,1,4,2,3,1,1,1,4,4,1,3,1,2,1,4,1,1,4,4,88,79,83,60,60,3,4,5,3,5,3,2,3,3,4,5,3,6,6,6,1,2,5,2,5,3,6,3,5,5,3,5,6,7,2,1.45,2.833333333,5.166666667,4.166666667,2.833333333,5.5,66
39,女性,20,安定,4,1,4,3,3,1,3,1,2,4,1,2,1,1,3,4,2,2,4,4,50,67,50,70,32,2,5,7,2,3,7,7,5,6,5,5,3,6,4,6,2,1,7,5,7,1,5,3,3,7,5,5,4,2,5,1.5,3.166666667,4.5,7,2.333333333,3.5,53
40,女性,20,安定,2,1,3,1,1,1,3,1,1,3,1,2,1,1,2,3,2,3,3,3,40,40,39,70,61,2,5,3,6,5,5,4,2,5,5,5,4,6,6,4,4,3,3,3,2,4,5,3,3,5,2,5,6,6,2,2.2,2.333333333,5.166666667,3.666666667,4.333333333,5,37.6
41,女性,20,回避,3,1,2,2,2,2,3,3,2,3,2,3,3,2,2,2,3,2,3,2,50,36,85,15,9,2,3,6,2,3,6,5,3,4,5,5,4,2,6,5,2,3,5,7,3,6,2,4,2,5,3,2,4,6,6,2.55,3.166666667,4.166666667,5,3.166666667,2.666666667,69.4
42,女性,20,アンビバレント,4,1,4,2,3,1,2,1,2,4,1,3,1,1,4,3,1,3,4,4,60,73,83,32,64,3,3,7,5,5,6,3,3,3,7,5,2,6,6,5,5,2,7,2,5,2,6,1,3,7,3,2,6,6,1,1.55,2.5,4.833333333,5.833333333,3,5.666666667,64
43,女性,20,アンビバレント,2,2,2,2,2,2,3,2,2,3,1,2,2,3,2,2,3,3,3,3,41,35,40,70,62,3,3,7,5,3,7,7,7,4,7,5,3,5,6,3,3,2,7,5,6,3,3,7,4,7,7,2,5,5,5,2.5,2.666666667,2.666666667,6.833333333,3,3.166666667,36.8
44,男性,20,安定,3,1,3,3,3,1,3,1,2,4,1,2,1,1,3,3,2,3,4,3,89,88,81,37,22,7,3,7,3,5,6,5,7,3,5,5,3,4,7,6,3,3,6,5,6,6,5,6,3,6,6,2,5,4,6,1.75,4,3.666666667,6,3.333333333,3.333333333,79.8
45,女性,20,安定,3,1,4,3,3,1,1,1,2,4,1,2,1,1,2,4,2,1,4,4,85,75,79,8,0,5,4,4,2,6,3,2,6,2,3,2,3,2,3,5,2,2,2,1,4,5,5,4,5,2,5,3,7,2,1,1.45,5.5,3.5,2.833333333,2.833333333,6,86.2
46,女性,20,安定,3,1,4,3,1,1,4,1,2,4,1,2,1,4,3,1,2,2,4,4,100,100,100,100,0,4,6,2,6,3,2,2,1,5,7,6,5,7,5,5,6,5,3,5,2,4,5,7,5,2,3,6,1,5,6,2,2.5,5.666666667,2.166666667,5.333333333,2.5,80
47,女性,20,安定,3,1,4,3,4,1,3,1,1,4,1,1,1,1,2,4,2,1,4,4,60,70,80,80,54,5,4,6,6,4,6,6,5,5,2,6,4,5,3,6,5,4,6,1,6,6,7,2,2,5,3,6,6,2,4,1.5,4.666666667,5.166666667,5.833333333,5.166666667,4.833333333,55.2
48,女性,20,安定,3,2,2,2,3,2,2,2,2,2,2,2,2,2,3,3,3,2,3,3,24,29,46,42,8,3,3,3,4,4,5,3,5,5,5,3,4,5,5,3,2,2,4,3,4,4,3,5,4,3,5,3,5,5,4,2.25,3,3,3.666666667,3.166666667,4.166666667,49.8
49,女性,20,回避,3,1,3,3,2,2,3,1,1,3,1,3,2,2,3,3,3,3,4,3,65,60,60,75,60,5,5,5,5,3,5,5,5,3,6,5,5,3,3,5,1,2,6,5,5,4,5,3,3,5,5,2,5,3,5,2.15,4.5,4.333333333,5.166666667,3.166666667,3.666666667,50
50,男性,20,アンビバレント,3,1,4,2,2,1,2,1,3,4,2,2,2,2,4,4,4,3,4,4,61,71,60,93,30,6,5,7,3,3,7,7,4,2,3,7,2,1,2,6,5,5,7,5,7,3,6,3,3,7,3,2,3,5,6,1.8,5.5,5.5,7,3.333333333,3.166666667,53.8
51,男性,21,安定,3,2,3,2,2,2,2,3,2,3,2,2,2,1,3,3,3,2,3,2,55,55,60,55,50,6,3,5,6,5,6,6,3,2,5,4,5,5,4,5,6,6,5,5,5,6,3,6,2,6,4,6,5,5,6,2.25,4.166666667,4,5.5,5.833333333,3.166666667,53
52,女性,20,回避,4,1,3,2,4,1,4,2,4,4,1,1,1,1,2,3,1,3,4,4,29,30,23,72,9,7,3,3,5,6,3,6,7,1,4,4,5,5,5,5,4,4,7,1,4,5,6,6,7,4,7,5,7,4,1,1.6,4.666666667,3.333333333,4.5,4.666666667,6,40.2
53,女性,21,回避,3,1,3,3,2,1,3,1,2,3,1,2,3,2,4,2,4,2,3,3,25,60,30,40,42,7,4,7,6,3,7,7,5,4,4,3,3,5,3,4,5,6,7,5,7,6,6,5,1,7,7,6,2,1,5,2.1,5,3.5,7,5.333333333,2.5,46.6
54,女性,20,安定,3,2,3,3,3,1,2,1,3,4,2,2,2,2,2,3,2,2,4,4,71,81,70,39,0,6,5,6,3,4,5,6,4,4,4,5,3,3,5,5,4,2,6,3,7,3,4,4,4,6,7,3,6,4,3,1.8,4.333333333,4,6,3,4.666666667,76.6
55,女性,20,安定,3,1,3,2,2,1,2,3,3,3,1,1,2,1,2,3,1,1,4,3,62,62,56,61,18,2,3,5,4,6,6,4,3,3,4,5,4,3,3,5,3,3,6,1,6,5,5,3,5,6,5,3,7,4,1,1.8,4.166666667,4.333333333,5.5,3.666666667,6.166666667,60.2
56,女性,20,安定,3,1,3,3,3,1,2,1,2,4,1,3,2,2,1,2,1,3,3,3,55,70,60,5,15,5,3,6,7,5,6,5,7,4,6,3,5,5,6,5,4,4,7,5,7,5,5,3,6,7,7,5,6,5,1,2,3.166666667,3,6.333333333,5,5.333333333,73
57,女性,20,安定,4,1,4,3,4,1,3,1,2,4,2,1,1,1,3,4,3,1,4,4,62,81,74,30,0,5,7,2,3,5,2,3,2,3,5,6,3,6,5,7,3,2,6,3,6,3,7,2,3,1,1,3,4,5,5,1.45,3.5,6.666666667,3.333333333,2.833333333,4.333333333,77.4
58,女性,20,安定,4,1,4,3,2,1,3,1,2,4,1,1,1,1,3,3,1,1,4,4,75,52,80,45,20,5,3,5,4,5,5,5,4,1,5,4,4,2,2,4,4,2,5,1,5,5,4,3,4,5,5,3,5,2,1,1.45,5.5,3.666666667,5,3.666666667,5.5,68.4
59,女性,21,回避,2,3,2,1,2,3,3,1,2,3,2,3,3,3,2,2,3,2,3,3,60,50,50,30,21,5,6,6,2,2,6,6,1,3,5,6,2,3,5,5,3,3,6,5,7,5,5,5,2,5,1,2,2,3,6,2.7,4.333333333,6,6,2.833333333,2.333333333,61.8
60,女性,20,安定,4,1,4,3,4,1,2,1,4,4,1,1,1,1,4,4,1,1,4,4,74,66,72,30,0,3,6,2,3,7,2,2,2,1,5,7,3,5,5,6,2,2,2,2,4,5,6,1,7,2,1,3,6,5,2,1.1,3.666666667,6.333333333,2.333333333,3,6.5,76.4
61,男性,20,安定,3,2,2,2,2,2,2,2,2,3,3,3,3,3,2,2,3,2,3,2,64,56,62,44,14,2,5,6,5,4,3,5,5,5,6,5,3,6,4,5,2,1,5,3,5,5,4,4,2,5,4,1,5,5,4,2.6,2.666666667,4.333333333,4.833333333,2.833333333,4,64.8
62,男性,20,アンビバレント,3,1,2,1,2,2,4,1,4,4,1,2,3,3,3,2,3,3,4,3,10,60,50,60,0,2,2,6,6,5,6,6,5,3,6,3,2,7,6,2,1,1,6,6,6,3,3,6,4,7,3,5,7,6,4,2.25,2.333333333,3,6.166666667,3,4,52
63,男性,20,安定,2,1,4,2,3,1,3,1,2,3,1,1,1,1,3,3,3,3,3,4,70,60,90,30,20,6,6,2,5,6,4,5,1,5,4,7,2,4,6,7,4,2,5,4,7,4,6,6,5,2,1,3,7,2,5,1.85,4.166666667,6.666666667,4.166666667,3.333333333,4.5,74
64,男性,20,安定,3,2,2,1,2,1,4,3,1,4,2,3,2,2,2,4,2,2,3,4,80,80,95,30,0,2,6,5,2,6,5,6,1,2,6,7,5,6,6,6,1,5,6,3,6,6,6,3,5,2,1,2,6,7,2,2.35,2.5,6.5,5,3.5,5.5,85
65,男性,20,アンビバレント,3,2,2,2,2,2,3,1,1,4,1,2,2,1,1,2,4,4,4,4,5,10,25,91,65,3,3,6,5,3,7,6,2,4,6,6,2,3,6,5,1,1,7,5,7,4,5,5,2,7,5,3,2,6,3,2.35,3,4.666666667,6.666666667,2.666666667,3,16.8
66,女性,20,安定,3,1,4,3,3,1,3,2,2,4,1,3,2,2,3,2,2,2,4,4,45,45,50,60,30,3,4,5,6,5,5,6,5,3,5,5,5,5,5,5,4,3,5,3,5,6,5,3,6,5,5,5,6,3,3,1.85,3.666666667,4.166666667,5.166666667,4.833333333,5.333333333,50
67,女性,20,安定,4,1,4,3,3,1,2,1,2,4,1,2,2,1,2,4,3,2,3,4,49,41,47,30,0,5,3,7,3,5,7,5,6,2,5,3,3,3,6,6,2,3,7,5,7,5,5,5,3,7,5,2,6,2,2,1.65,4.5,3.666666667,6.666666667,3,4.333333333,61.4
68,女性,25,アンビバレント,2,2,3,1,2,2,2,2,1,3,2,3,2,3,2,1,2,2,3,3,40,60,60,45,20,3,3,5,6,3,4,4,6,5,5,2,2,6,5,5,2,4,6,5,5,3,4,3,4,5,5,5,3,5,4,2.55,2.833333333,3.166666667,4.833333333,3.666666667,3.666666667,59
69,女性,20,アンビバレント,2,2,3,1,2,2,3,2,2,3,2,3,3,3,2,3,4,3,2,3,19,18,20,12,28,4,3,6,7,1,7,4,4,4,7,5,1,5,4,4,4,1,7,7,5,2,4,5,1,7,4,6,1,6,5,2.7,3,4,6,3.5,1.666666667,43.4
70,女性,21,安定,3,1,4,2,2,1,3,2,3,4,1,2,1,1,4,3,1,4,4,4,39,51,80,30,60,5,7,2,5,5,3,5,2,5,5,6,3,6,5,6,2,3,3,2,5,3,7,2,5,3,2,3,5,3,3,1.7,3.5,6.333333333,3.5,3.166666667,5.333333333,56
71,女性,20,安定,4,1,4,2,3,1,2,2,2,4,1,1,1,2,4,4,2,1,4,4,63,89,71,53,2,2,5,4,6,6,3,3,3,2,6,5,3,7,6,5,2,4,3,2,3,5,5,2,3,5,3,2,7,6,2,1.45,2.5,5,3.5,3.666666667,5.666666667,73.6
72,男性,20,安定,4,1,4,2,4,1,2,1,4,4,1,1,1,1,1,3,1,1,4,4,62,83,82,20,0,3,6,3,5,7,5,5,1,2,5,7,6,3,3,5,4,5,5,2,3,5,6,3,6,3,1,3,5,6,2,1.35,4,6.333333333,4,4.666666667,5.833333333,81.4
73,女性,20,安定,4,1,4,3,4,1,2,1,3,4,1,2,1,1,4,4,1,1,4,4,65,90,90,30,0,6,4,3,5,5,3,4,3,3,3,4,4,5,3,5,4,4,3,2,6,4,4,2,4,4,4,3,7,6,2,1.2,4.333333333,4.333333333,3.833333333,4,5.666666667,83
74,女性,20,安定,3,1,4,3,2,1,2,1,2,3,1,3,1,2,2,4,3,2,3,4,60,60,70,40,20,4,3,5,2,5,6,5,5,2,2,5,5,2,3,6,2,2,6,3,5,4,6,3,4,6,4,2,4,5,5,1.85,5,4.5,5.5,2.833333333,4.333333333,66
75,女性,21,安定,4,1,4,2,1,1,3,1,3,4,1,2,1,1,3,4,1,2,4,4,80,100,100,0,0,2,5,7,5,2,6,7,1,1,1,6,4,1,1,6,5,2,6,2,6,7,6,2,3,7,1,3,7,1,2,1.55,6.166666667,6.166666667,6.5,4.333333333,5,96
76,女性,20,安定,3,1,4,3,3,1,3,2,4,4,2,3,2,2,3,4,2,2,4,4,37,46,53,58,11,6,3,5,6,3,5,7,3,5,5,5,3,5,2,5,3,4,7,4,5,5,5,2,3,6,2,5,5,2,3,1.7,4.5,4.833333333,5.833333333,4.333333333,4.333333333,53.4
77,男性,21,回避,3,2,3,2,3,1,2,2,3,3,1,2,2,2,1,3,4,3,3,2,30,60,30,60,0,5,6,5,5,2,5,3,3,4,6,6,4,5,6,6,2,2,3,2,3,5,6,5,3,3,3,5,5,6,6,2.25,3,5.666666667,3.666666667,3.833333333,3.5,52
78,男性,20,安定,4,1,4,3,3,1,1,1,4,4,1,1,1,1,3,4,2,2,4,4,84,94,100,20,0,4,6,2,4,5,4,4,3,2,3,6,4,2,3,3,3,4,2,4,2,5,5,3,5,4,2,2,6,6,5,1.25,4.666666667,5.166666667,3,3.666666667,4.666666667,91.6
79,男性,20,回避,3,2,3,2,2,2,2,2,2,3,2,2,2,2,3,3,3,2,4,3,43,65,65,60,30,2,4,5,3,3,5,4,2,5,5,4,2,5,5,4,2,2,5,4,5,3,4,4,3,5,2,2,2,5,4,2.15,2.833333333,4.666666667,4.833333333,2.333333333,3.333333333,56.6
80,男性,21,安定,4,2,3,3,3,1,2,1,1,4,1,1,2,2,3,3,2,1,4,3,62,61,71,31,32,3,4,3,3,3,5,4,3,5,5,5,4,5,4,4,3,4,5,5,5,3,4,3,2,4,3,2,2,5,6,1.7,3.166666667,4.5,4.333333333,3.166666667,2.833333333,66.2
81,女性,21,安定,4,1,4,4,3,1,2,1,3,4,1,1,1,1,4,4,2,2,4,4,100,100,100,0,0,5,3,5,4,5,5,4,3,3,3,5,4,3,3,4,4,4,5,3,5,4,5,5,4,4,3,4,6,3,5,1.25,5,4.5,4.666666667,4,4.333333333,100
82,男性,36,安定,4,1,4,3,4,1,2,1,2,4,1,1,1,1,4,4,1,2,4,4,80,81,80,30,30,2,6,2,6,6,6,2,2,2,6,7,6,5,6,6,5,5,5,1,5,4,6,2,6,2,2,6,7,6,2,1.25,2.833333333,6.166666667,3.666666667,5.333333333,6.333333333,76.2
83,男性,21,安定,3,1,4,3,3,1,2,1,4,4,1,2,1,2,3,4,3,2,4,4,70,80,70,50,50,5,5,4,5,5,5,5,4,4,4,5,5,3,4,5,4,5,5,4,5,3,5,3,5,4,4,5,5,5,3,1.5,4.166666667,4.666666667,4.666666667,4.5,4.833333333,64
84,女性,20,回避,3,1,4,2,3,1,3,1,2,3,1,3,2,2,3,3,2,3,4,3,53,62,63,43,19,4,3,4,6,5,5,3,6,3,6,5,5,6,6,5,5,5,5,4,3,6,2,6,3,5,6,5,6,6,3,1.95,2.833333333,3.166666667,4.166666667,5.333333333,4.166666667,63.2
85,男性,20,回避,3,2,4,2,2,1,3,3,1,3,1,3,2,2,2,2,3,4,4,2,65,82,100,50,0,3,4,4,5,6,6,3,5,4,7,7,4,5,6,5,2,1,4,5,4,6,3,7,1,5,2,6,1,7,7,2.45,2.333333333,4.666666667,4.333333333,4,2.166666667,79.4
86,男性,23,アンビバレント,3,2,2,3,2,1,3,1,4,3,3,3,1,3,4,3,4,2,4,3,15,65,50,65,65,3,5,6,4,5,5,6,5,7,5,5,5,6,6,6,5,4,6,4,5,6,6,2,3,6,4,3,5,5,3,2.1,2.333333333,4.833333333,5.666666667,4.5,4.666666667,40
87,男性,20,アンビバレント,2,4,2,1,2,2,4,2,2,3,2,4,4,4,3,2,2,3,3,3,82,15,15,82,100,5,5,7,7,3,6,7,7,5,5,5,4,3,5,1,2,2,7,5,7,7,4,5,3,7,7,7,5,6,3,2.9,3.5,2.833333333,6.833333333,4.833333333,3.666666667,26
88,男性,20,回避,2,3,3,1,1,2,2,3,1,2,2,4,3,2,2,2,3,2,4,2,65,50,50,32,15,5,4,6,7,5,5,5,5,3,5,4,5,4,4,5,5,4,6,4,7,3,4,3,2,5,4,5,5,6,4,2.8,3.833333333,4,5.666666667,4.833333333,4.166666667,63.6
89,男性,20,安定,3,1,3,2,2,1,3,1,1,3,1,2,1,1,2,3,3,2,4,4,50,50,65,50,50,6,4,5,2,2,5,6,3,4,5,5,4,3,6,4,4,3,6,4,5,3,3,5,2,6,2,3,2,3,5,1.95,4.166666667,4.5,5.5,3.166666667,2.666666667,53
90,男性,19,回避,3,2,2,2,2,1,4,1,4,3,2,3,1,2,2,3,2,2,4,3,0,32,0,50,32,3,4,5,7,5,5,3,6,4,4,5,4,6,6,4,4,4,5,3,6,6,4,3,4,5,7,4,5,4,3,2.1,3.166666667,3.333333333,4.833333333,4.833333333,4.833333333,30
91,男性,19,回避,2,2,2,2,2,2,2,2,3,2,2,2,2,2,2,2,2,2,3,3,15,32,15,65,82,3,2,5,5,3,5,5,5,5,5,3,3,5,5,3,3,3,5,5,5,5,3,5,3,5,5,5,5,5,5,2.35,3,2.833333333,5,4,3.333333333,23
92,男性,19,安定,3,2,3,2,2,2,2,2,3,3,1,2,2,2,3,3,2,2,3,3,15,65,65,82,65,5,5,5,5,6,6,6,3,6,4,6,5,6,7,6,5,5,6,3,7,5,5,2,5,5,2,5,3,5,2,2.05,2.833333333,5.5,5.833333333,5,5.166666667,39.6
93,女性,19,安定,3,1,3,3,3,1,2,1,2,3,2,2,1,2,3,3,2,2,3,3,50,50,65,65,15,4,6,6,6,5,5,5,3,5,5,6,3,5,5,6,3,3,6,5,6,4,6,3,3,6,2,4,4,3,3,1.85,3.5,5.833333333,5.666666667,3.833333333,4.166666667,57
94,女性,19,回避,3,3,2,2,3,2,2,1,1,4,2,2,2,2,2,3,3,2,4,4,15,65,50,82,82,3,5,5,6,5,6,5,5,4,5,5,4,4,5,6,3,4,7,5,5,5,5,3,3,5,5,5,6,5,6,2.15,3.333333333,4.5,5.5,4.5,4,33.2
95,女性,20,回避,4,1,4,2,1,1,4,2,1,4,1,3,2,2,4,1,1,3,4,3,65,50,65,65,65,1,1,5,7,5,5,1,7,7,5,2,5,5,5,5,6,5,5,5,5,6,3,2,6,5,7,7,3,6,3,2.1,2.166666667,2.166666667,4.333333333,6,4.666666667,50
96,女性,19,安定,3,1,3,2,2,1,3,1,2,3,1,3,2,2,3,4,1,2,3,3,50,32,50,15,0,2,4,7,5,4,6,6,5,3,2,5,3,2,1,5,5,3,6,3,6,4,5,2,3,5,2,2,3,4,3,1.95,5,4.666666667,6,3.666666667,4.333333333,63.4
97,女性,19,安定,4,1,1,3,3,2,3,1,4,4,1,2,1,2,4,4,2,2,4,4,65,65,65,50,32,5,5,6,4,5,6,5,3,3,3,5,5,3,3,5,3,3,6,3,6,4,4,5,5,6,3,3,6,5,3,1.6,4.666666667,4.833333333,5.833333333,3.666666667,4.833333333,62.6
98,女性,20,アンビバレント,3,2,2,2,2,1,2,2,2,3,2,2,2,2,2,3,2,2,3,3,65,65,65,50,32,4,4,5,5,4,3,3,3,3,3,5,4,4,5,5,4,4,4,5,5,4,5,4,4,4,4,4,4,5,4,2.2,4,4.666666667,4,4.166666667,3.833333333,62.6
99,女性,20,安定,3,2,3,2,2,2,2,2,3,3,2,3,2,2,2,2,3,3,3,3,15,65,15,82,32,5,1,5,3,2,6,5,5,5,3,3,5,5,5,5,3,3,5,5,5,3,5,3,3,5,6,3,5,5,3,2.35,3.666666667,3.166666667,5.166666667,3.333333333,3.833333333,36.2
100,男性,20,安定,3,3,4,1,3,1,3,1,3,3,2,3,3,3,2,4,2,4,3,3,15,65,32,32,65,1,2,6,5,4,5,4,4,6,5,6,3,5,6,5,1,1,7,5,6,4,5,4,3,6,4,5,4,6,4,2.3,2.166666667,4.333333333,5.666666667,3.166666667,3.666666667,43
101,男性,19,アンビバレント,3,2,2,2,2,1,2,1,1,3,2,3,1,1,2,4,2,1,4,4,65,82,65,50,15,6,5,6,5,2,5,6,3,4,6,6,5,5,2,4,1,4,7,6,6,6,6,5,1,6,3,2,2,5,7,1.95,4,5.166666667,6,3.833333333,1.833333333,69.4
102,女性,21,安定,3,1,3,3,3,1,4,1,3,3,1,2,2,2,3,3,2,2,3,3,65,65,82,50,32,4,5,3,5,5,2,4,3,4,6,5,5,6,6,4,5,5,3,3,3,4,5,3,4,3,3,5,4,6,3,1.9,2.666666667,4.833333333,3,4.833333333,4.666666667,66
103,女性,21,回避,1,3,2,1,3,3,2,3,1,2,2,4,3,4,2,2,4,3,3,2,0,32,15,100,82,2,6,6,4,2,7,5,3,6,7,6,3,7,5,7,5,2,7,7,3,4,6,5,1,6,1,5,2,7,6,3.1,1.666666667,6.166666667,5.666666667,3.833333333,1.833333333,13
104,男性,19,安定,4,1,4,3,3,1,2,1,2,3,1,2,2,2,3,3,2,1,4,4,65,82,65,32,32,6,6,3,5,6,3,5,2,2,2,5,5,1,3,6,5,3,2,2,5,6,6,3,5,2,1,3,6,3,2,1.6,5.833333333,6,3.333333333,4.5,5.666666667,69.6
105,男性,23,安定,3,2,4,3,2,1,3,1,2,4,1,2,1,2,2,3,1,2,4,3,65,65,82,50,32,6,6,5,5,5,6,5,2,5,3,6,5,3,3,6,4,6,3,3,5,7,6,3,6,2,3,6,5,5,3,1.8,4.5,5.833333333,4.333333333,5.5,5.166666667,66
106,男性,19,回避,3,2,3,2,3,2,4,1,4,4,1,4,1,2,2,1,3,2,4,3,15,32,65,82,65,2,2,6,2,5,6,6,2,4,6,6,3,2,2,5,5,2,7,4,7,2,2,6,2,6,6,6,5,1,3,2.15,4.5,3.833333333,6.333333333,3.333333333,3.833333333,33
107,男性,19,安定,4,2,3,2,2,1,3,2,2,3,2,2,3,2,2,2,4,2,3,3,15,32,15,82,65,3,5,2,6,4,6,3,2,4,4,5,2,5,5,5,4,3,3,5,2,4,5,4,3,5,2,4,5,6,4,2.35,3.166666667,5.333333333,3.5,3.833333333,3.833333333,23
108,男性,20,安定,3,2,2,2,2,1,2,1,3,3,1,2,2,2,3,3,2,3,4,3,82,65,50,65,32,3,5,5,4,4,3,4,2,5,6,5,4,5,6,3,3,4,4,4,5,2,3,5,3,4,1,3,5,5,5,2,2.666666667,4.833333333,4.166666667,3.333333333,3.666666667,60
109,女性,19,安定,3,2,2,3,3,1,1,1,2,4,1,2,1,1,3,4,3,2,4,4,50,50,82,50,50,3,4,7,2,4,7,5,5,4,4,4,3,1,1,4,2,2,7,1,7,4,4,4,1,6,6,4,5,3,3,1.65,5,3.5,6.5,2.833333333,4.333333333,56.4
110,女性,19,アンビバレント,3,1,3,3,3,1,3,1,3,4,2,2,1,1,3,4,3,1,4,4,50,82,50,50,50,4,5,6,3,4,5,6,5,5,4,5,5,3,3,5,4,5,6,4,5,3,5,3,5,7,5,5,7,5,4,1.6,4,4.333333333,5.833333333,4.166666667,4.833333333,56.4
111,女性,20,回避,3,1,4,2,2,1,3,1,2,3,1,2,3,2,4,2,2,4,4,3,65,65,65,65,50,5,6,5,6,5,6,7,3,4,5,6,4,6,3,4,4,4,6,4,6,5,5,5,5,6,1,5,5,2,4,2.05,4.166666667,5.5,6,4.666666667,4.333333333,56
112,女性,20,回避,3,1,3,2,3,1,4,4,4,4,1,2,4,3,3,3,1,1,3,3,0,65,50,65,32,3,5,5,2,5,5,7,4,5,5,4,2,7,6,5,2,1,6,1,7,5,5,2,5,6,5,6,5,7,1,2.05,2.166666667,4.333333333,6,3,5.833333333,43.6
113,女性,20,回避,4,1,3,3,2,1,3,1,2,4,2,3,2,1,2,3,3,2,3,3,50,65,50,50,50,3,4,5,3,4,5,5,4,4,5,6,3,5,4,6,3,3,6,5,7,4,5,5,2,6,4,3,3,3,5,2,3.666666667,4.833333333,5.666666667,3.166666667,3,53
114,女性,19,安定,4,1,4,3,2,1,3,1,4,4,1,1,1,1,4,4,1,2,4,4,50,82,65,15,0,3,2,5,6,6,2,2,5,3,3,3,5,3,2,3,3,5,3,1,2,5,3,2,6,3,5,3,6,5,1,1.3,4.5,2.833333333,2.833333333,4.5,6.333333333,76.4
115,女性,20,アンビバレント,3,1,4,2,3,1,2,1,3,4,1,1,1,1,4,4,3,1,3,4,82,65,82,100,100,1,7,7,5,6,7,7,1,2,6,7,5,7,7,7,4,1,7,3,5,5,5,1,5,5,1,5,7,7,1,1.45,2,6.666666667,6.333333333,4.166666667,6.166666667,45.8
116,女性,20,安定,3,1,3,2,3,1,2,1,2,4,1,2,2,2,2,2,2,2,3,3,32,65,50,50,32,5,5,6,5,4,4,5,3,3,4,5,5,3,3,4,4,3,5,3,5,6,4,3,4,5,5,5,4,3,3,1.95,4.833333333,4.333333333,5,4.666666667,4.5,53
117,女性,20,安定,3,1,4,3,2,1,2,1,2,4,1,3,1,2,3,4,2,2,3,4,50,50,65,32,15,5,4,6,4,4,5,5,5,3,3,5,5,2,2,5,5,4,6,3,5,4,5,3,5,6,5,5,5,4,3,1.7,5.166666667,4.166666667,5.5,4.5,4.833333333,63.6
118,女性,19,回避,3,1,4,3,4,1,2,1,3,4,1,2,1,1,3,4,2,1,4,4,65,82,82,15,15,5,5,4,2,3,5,5,3,3,3,5,2,3,3,5,1,1,3,1,5,4,5,2,5,5,3,2,5,5,3,1.35,4.666666667,5,4.5,2,5.166666667,79.8
119,男性,19,回避,3,1,1,2,2,2,3,1,2,3,1,3,2,2,3,3,3,2,3,4,65,65,65,32,32,2,4,6,2,3,6,6,5,5,5,4,4,5,5,4,3,3,5,4,6,4,4,4,3,6,4,4,4,5,4,2.2,2.833333333,3.833333333,5.833333333,3.333333333,3.666666667,66.2
120,女性,20,安定,3,2,3,2,3,1,3,1,1,3,1,2,1,1,3,3,3,2,4,3,65,65,82,32,50,3,6,7,5,5,6,4,5,4,5,4,2,3,4,6,4,4,7,5,5,4,4,5,2,6,5,4,5,6,4,1.95,3.5,4.333333333,5.833333333,3.833333333,3.666666667,66
121,女性,19,安定,2,1,4,2,2,1,1,1,4,4,2,3,1,2,4,4,2,1,4,4,32,50,100,65,82,7,4,6,2,7,6,6,6,3,3,5,5,4,5,5,4,2,7,1,7,4,4,1,6,5,5,4,6,4,1,1.55,4.666666667,3.833333333,6.166666667,3.5,6.666666667,47
122,女性,20,安定,3,1,4,3,3,1,1,1,3,4,2,1,1,1,3,3,1,1,4,4,65,65,50,32,32,5,5,6,3,5,6,7,2,3,3,5,2,6,6,5,2,1,7,2,7,5,5,1,5,7,3,2,5,3,2,1.35,4,5.166666667,6.666666667,2.5,5.666666667,63.2
123,女性,22,アンビバレント,2,3,3,2,3,1,2,2,2,3,2,2,2,2,1,3,3,2,3,3,32,50,50,50,50,2,3,5,5,4,5,4,4,4,5,5,4,6,6,4,3,2,5,5,4,2,4,5,2,4,4,5,4,7,4,2.3,2.333333333,4,4.5,3.5,3.333333333,46.4
124,女性,19,安定,3,1,4,3,2,1,3,2,3,4,1,1,1,1,2,3,3,1,4,3,50,50,50,65,50,3,4,6,6,6,6,5,5,4,5,4,4,4,5,4,3,3,6,4,6,4,4,4,4,6,5,5,6,5,1,1.7,3.333333333,3.666666667,5.833333333,4.166666667,5.166666667,47
125,女性,20,安定,3,2,4,3,3,1,2,1,4,3,2,2,1,2,3,4,2,2,4,4,82,82,82,15,15,5,5,5,3,6,5,3,2,2,3,6,4,5,4,6,4,3,5,2,5,5,6,2,6,5,2,2,6,5,2,1.6,4.333333333,5.833333333,4.666666667,3.5,6,83.2
126,女性,20,安定,3,2,3,4,3,2,2,2,3,3,2,2,2,2,3,3,2,2,4,3,50,50,50,32,32,2,4,3,4,4,3,3,4,3,4,4,3,5,5,4,3,3,3,4,2,3,4,2,4,2,4,3,4,6,3,1.9,3.166666667,4,2.666666667,3.166666667,4.5,57.2
127,男性,20,安定,2,2,1,2,2,1,2,1,2,3,2,2,1,1,2,4,2,2,4,4,32,65,50,32,15,3,2,5,5,5,5,5,7,6,5,4,4,4,5,4,4,3,5,3,5,4,4,5,4,4,6,4,5,5,4,2,3,2.833333333,4.833333333,4,4.333333333,60
128,女性,22,回避,3,1,4,3,2,1,4,1,4,4,1,2,1,2,4,4,1,2,4,4,15,50,50,82,15,7,6,5,6,5,5,5,3,3,2,4,5,3,2,5,6,5,5,5,5,7,4,2,4,5,2,6,7,2,3,1.5,5.833333333,5,5,5.833333333,5,43.6
129,女性,19,安定,3,1,4,3,3,1,2,1,2,4,1,3,1,1,4,4,2,1,3,4,50,50,50,65,65,4,4,5,5,5,5,3,3,4,3,5,4,4,3,4,4,3,5,3,5,4,4,4,4,5,4,4,4,5,4,1.5,4.166666667,4.333333333,4.666666667,4,4.333333333,44
130,女性,19,安定,3,1,1,3,2,1,2,1,4,4,1,1,1,1,4,4,1,2,4,4,65,65,82,15,15,4,4,5,5,6,6,5,5,4,4,6,4,4,4,5,4,4,5,3,7,4,4,4,5,4,4,4,6,4,1,1.45,4,4.333333333,5.333333333,4.166666667,5.5,76.4
131,女性,20,安定,2,3,2,2,2,3,2,2,2,2,2,3,3,3,2,2,2,2,3,2,15,15,15,82,82,4,3,6,4,4,6,6,6,4,4,2,4,3,3,3,4,3,6,5,6,4,3,5,3,6,6,4,4,3,4,2.7,4.5,2.5,6,3.833333333,3.5,16.2
132,女性,20,回避,3,3,4,3,2,1,3,2,1,4,1,3,2,1,3,3,1,2,4,3,33,66,33,33,16,6,3,1,3,4,1,5,5,3,5,4,2,5,4,3,4,3,2,2,5,6,6,5,2,2,5,6,3,5,6,1.95,4,3.666666667,2.666666667,4,3.333333333,56.6
133,女性,20,安定,3,2,2,2,2,3,3,3,2,3,1,3,3,2,3,2,3,2,3,2,33,51,33,83,51,5,6,6,2,4,5,3,6,2,2,3,5,5,5,4,3,2,6,6,6,5,2,5,4,5,6,4,4,5,4,2.55,4.333333333,3.166666667,5.166666667,3.5,3.5,36.6
134,男性,20,安定,3,1,1,1,4,1,4,2,2,4,1,4,1,1,3,4,3,2,4,3,83,83,83,66,1,5,5,7,6,6,7,5,5,4,7,6,5,7,5,5,2,5,7,5,7,3,5,1,6,7,5,6,7,2,3,2.05,3.333333333,4.5,6.666666667,4.5,5.666666667,76.4
135,女性,19,安定,3,1,4,2,3,1,2,1,3,4,2,2,1,3,1,4,3,1,4,4,99,99,99,33,16,3,2,6,7,5,7,3,4,5,5,6,4,2,5,5,4,3,7,3,2,6,5,2,1,6,3,5,6,6,2,1.75,3.333333333,4.5,5.166666667,4.833333333,4.833333333,89.6
136,男性,20,安定,3,2,2,2,2,1,3,1,1,4,1,1,1,1,2,3,2,2,4,4,51,66,66,51,16,2,5,5,6,4,5,6,5,5,6,5,3,6,6,5,4,3,6,4,6,4,4,4,3,5,5,5,4,5,4,1.9,2.333333333,4.166666667,5.5,4.166666667,3.833333333,63.2
137,男性,20,回避,3,1,4,2,2,1,3,1,2,4,1,2,1,2,2,3,3,2,4,3,16,83,66,16,16,5,2,6,5,2,7,6,5,4,6,4,1,5,5,3,2,2,7,6,6,4,3,6,2,7,2,5,3,6,6,1.9,3.166666667,3.5,6.5,3.166666667,2.166666667,66.6
138,男性,20,回避,3,1,3,1,2,2,3,2,2,2,2,4,3,3,3,2,1,2,3,3,1,51,1,99,51,1,7,5,2,3,5,5,6,5,5,5,4,4,5,6,4,3,6,5,5,3,6,5,4,6,5,3,1,5,4,2.45,2.833333333,4.833333333,5.333333333,3.166666667,3,20.6
139,男性,22,アンビバレント,3,2,3,1,2,2,3,2,2,3,2,3,2,3,3,3,2,3,3,3,83,66,83,66,66,3,3,5,3,5,5,6,5,5,6,5,3,6,5,5,3,5,7,3,6,5,4,3,3,6,3,5,6,6,3,2.4,2.5,4.166666667,5.833333333,4,4.833333333,60
140,男性,20,安定,3,1,3,2,3,1,1,1,4,4,1,1,2,1,1,2,1,1,4,4,83,66,83,1,33,3,5,5,2,6,5,4,1,2,4,5,5,3,4,5,3,2,5,1,5,4,6,3,5,2,5,4,6,6,1,1.55,4,5.166666667,4.333333333,3.333333333,6,79.6
141,男性,21,安定,3,3,2,2,2,2,3,2,3,4,2,3,2,2,4,4,1,2,3,3,51,51,66,66,51,3,5,4,5,5,4,3,6,4,5,5,4,5,5,4,3,3,5,4,5,4,5,4,4,5,5,4,3,4,3,2.1,3.333333333,4,4.333333333,3.833333333,4.166666667,50.2
142,男性,19,アンビバレント,2,3,2,1,2,2,2,1,1,3,2,2,2,3,1,1,2,2,4,4,1,83,83,16,66,2,3,5,6,2,6,3,2,3,5,5,5,4,4,3,4,2,6,5,6,6,2,7,1,3,2,5,3,5,6,2.5,3.5,4.166666667,4.833333333,4.666666667,2,57
143,男性,19,回避,3,3,4,4,2,1,3,1,3,4,1,3,1,3,1,4,1,4,4,3,1,1,99,1,1,1,5,1,4,4,1,1,1,1,5,6,4,7,7,7,4,3,7,1,7,6,3,5,2,1,1,4,1,7,5,1.95,2.333333333,5.833333333,3,4.166666667,3.333333333,59.8
144,女性,20,回避,2,3,3,1,2,1,2,1,3,3,2,4,1,3,2,4,3,2,3,3,66,33,83,66,1,2,6,6,3,3,6,4,5,6,5,6,3,7,6,5,2,1,6,6,5,2,5,5,1,5,5,3,7,7,6,2.3,1.833333333,4.666666667,5.333333333,2.333333333,3,63
145,男性,22,安定,4,1,4,2,3,2,3,2,1,3,1,2,2,2,4,3,1,2,4,3,66,66,51,51,51,5,7,3,2,4,3,3,2,6,7,7,4,6,5,6,1,2,2,3,5,5,6,5,4,2,2,1,3,6,5,1.85,2.5,6.333333333,3,2.5,3.666666667,56.2
146,男性,19,アンビバレント,3,1,4,2,3,1,4,1,2,4,1,3,1,3,4,3,2,3,4,4,16,83,16,16,16,5,5,5,6,4,5,5,2,3,5,6,3,2,5,5,2,1,6,3,6,5,4,5,5,5,2,2,5,3,3,1.85,4.5,5.333333333,5.333333333,3.166666667,4.5,56.6
147,男性,22,回避,3,2,3,2,3,2,3,2,4,3,1,3,2,2,3,3,2,2,4,3,51,51,51,51,51,4,3,5,4,5,3,5,4,3,2,4,5,4,3,6,4,4,4,2,3,5,5,4,6,4,5,5,7,5,3,2,4.5,4.166666667,4,4.5,5.5,50.2
148,女性,19,安定,3,1,3,2,3,1,3,1,1,3,2,3,3,2,3,3,1,1,2,3,33,51,33,66,51,5,5,5,5,6,4,3,4,5,6,4,3,6,6,5,3,3,5,4,5,4,5,3,2,4,4,4,2,5,5,2.1,2.833333333,4.5,4.333333333,3.666666667,3.666666667,40
149,女性,19,安定,3,1,3,2,2,1,3,2,2,3,2,2,2,2,3,3,4,2,4,4,66,83,66,33,16,4,5,6,5,5,6,5,3,3,3,5,4,3,3,6,3,3,7,4,7,3,6,2,4,6,2,3,5,5,3,2.1,4.5,5.5,6.166666667,3.5,4.833333333,73.2
150,女性,19,アンビバレント,3,1,3,2,2,2,3,2,3,2,1,3,3,3,3,2,2,4,4,2,66,51,66,33,1,3,5,2,5,4,3,2,4,2,5,6,5,5,5,6,4,2,1,4,2,4,6,2,4,2,3,5,5,6,2,2.4,3.333333333,5.333333333,2,4.166666667,4.833333333,69.8
151,女性,20,安定,3,2,3,2,3,1,2,1,3,3,2,2,2,2,2,3,2,2,3,3,51,66,33,33,66,4,5,5,2,4,5,5,2,3,4,5,3,3,2,4,2,2,6,3,6,2,5,5,4,5,2,2,5,3,4,2,4.833333333,5.166666667,5.333333333,2.166666667,4.166666667,50.2
152,女性,19,安定,3,4,3,1,2,1,4,2,4,3,1,3,2,2,3,2,2,3,3,3,33,66,51,51,16,4,3,5,3,5,3,6,6,2,2,3,5,2,2,4,4,3,5,3,3,6,5,3,4,3,6,3,5,5,3,2.35,5.166666667,3.166666667,4.166666667,4,4.833333333,56.6
153,女性,19,安定,4,2,4,3,2,1,2,1,2,4,1,2,1,1,3,4,1,2,4,4,51,99,83,16,16,3,5,5,6,7,3,3,5,4,4,6,5,5,5,6,5,4,4,3,4,3,6,2,7,3,6,6,6,5,1,1.5,3.333333333,4.666666667,3.666666667,4.833333333,6.333333333,80.2
154,男性,22,回避,2,4,3,1,1,3,4,3,3,2,3,3,2,3,3,3,2,4,2,2,16,51,33,83,66,1,3,2,6,4,5,6,7,4,7,2,3,5,6,4,2,4,6,6,6,4,4,7,2,6,7,5,3,4,6,2.95,2.5,2.5,5.166666667,4,2.333333333,30.2
155,女性,19,安定,3,1,3,2,2,1,2,2,3,4,1,2,1,1,2,3,3,2,4,4,51,66,33,83,83,3,6,7,5,6,6,6,2,4,3,6,5,5,5,6,4,4,6,4,7,5,6,2,5,6,1,2,5,5,5,1.8,3.5,6.166666667,6.333333333,4.166666667,4.833333333,36.8
156,男性,21,安定,3,1,3,2,4,1,1,1,2,4,1,1,1,1,3,3,1,1,4,4,51,51,51,51,51,1,4,1,4,6,3,3,1,1,2,5,3,7,5,6,2,3,1,1,6,4,5,1,5,1,1,1,6,7,1,1.4,3.166666667,5.666666667,2.5,2.833333333,6.333333333,50.2
157,女性,20,アンビバレント,3,1,3,1,2,1,3,2,3,4,1,3,3,3,2,4,3,2,4,4,83,99,83,16,16,3,5,2,4,5,4,3,6,6,6,6,3,2,3,6,4,2,4,3,3,1,4,3,1,1,6,4,4,4,3,2.1,3.666666667,4.166666667,2.833333333,3,4.166666667,86.6
158,男性,20,安定,2,2,2,1,2,2,3,3,2,2,3,3,3,3,3,2,3,3,3,3,33,51,33,66,51,3,3,6,3,3,5,5,5,5,5,4,3,5,5,4,2,2,6,5,6,3,4,5,4,5,5,3,4,5,4,2.8,3,3.5,5.5,2.666666667,3.5,40
159,女性,20,回避,3,2,4,2,3,2,2,3,1,3,1,3,3,2,4,1,1,2,3,3,16,16,51,16,66,6,5,6,6,5,5,6,3,3,3,5,3,2,2,5,3,3,6,4,5,6,6,5,6,6,2,4,5,2,2,2.2,5.666666667,5.333333333,5.666666667,4.166666667,4.833333333,40.2
160,男性,21,回避,2,1,2,2,1,1,2,3,2,3,2,2,3,3,2,1,1,3,4,3,16,66,66,33,16,3,2,6,3,2,6,6,6,2,2,3,6,2,5,5,2,4,7,3,6,3,4,7,4,6,6,4,2,6,5,2.45,4.333333333,3,6.166666667,3.666666667,2.833333333,59.8
161,女性,20,安定,4,2,4,3,3,1,2,1,2,4,1,1,1,1,3,4,1,1,4,4,66,83,99,33,16,5,6,4,6,5,4,6,2,2,4,6,5,5,2,6,6,4,2,2,4,5,5,4,3,3,1,6,5,6,3,1.35,4.333333333,6,3.833333333,5.333333333,4.666666667,79.8
162,男性,21,アンビバレント,3,1,4,2,2,1,4,1,1,4,1,4,1,3,4,4,2,2,4,4,51,99,83,16,1,7,7,7,5,1,7,6,7,7,6,2,2,7,7,4,1,1,7,3,7,6,2,5,7,7,7,6,5,2,6,1.9,3,2.833333333,6.833333333,3.5,3.833333333,83.2
163,女性,19,回避,3,3,3,1,2,2,2,2,1,4,1,3,2,1,2,3,4,1,4,4,66,51,1,83,16,1,6,7,5,3,7,7,6,6,5,4,2,3,2,4,1,1,7,6,6,2,5,6,3,7,6,2,3,2,5,2.2,3.833333333,3.833333333,6.833333333,2.166666667,2.666666667,43.8
164,男性,20,安定,3,2,4,3,2,2,3,2,4,4,3,2,3,2,3,2,3,4,3,4,66,66,83,51,33,5,6,6,7,6,6,5,3,2,5,6,3,6,5,6,2,5,6,5,6,6,5,6,5,7,3,2,6,5,1,2.2,3.666666667,5.5,6,4.166666667,4.833333333,66.2
165,男性,23,安定,4,1,4,3,2,1,3,1,3,3,1,1,1,1,3,3,1,1,4,3,66,66,83,16,16,3,3,3,7,6,2,3,5,4,5,5,6,4,4,4,3,5,3,1,3,5,5,2,6,3,5,6,6,3,1,1.5,3.833333333,3.833333333,2.833333333,5.333333333,6.333333333,76.6
166,男性,19,回避,3,2,2,1,3,2,3,2,1,3,2,2,2,2,2,3,3,3,3,3,51,51,51,66,66,4,4,2,5,5,2,4,3,4,4,4,4,4,4,3,4,4,2,5,6,7,4,6,4,2,4,5,5,5,5,2.45,3.833333333,4,3,4.833333333,3.666666667,44.2
167,男性,19,アンビバレント,3,1,4,2,2,1,3,1,3,4,1,3,2,2,4,3,2,2,4,3,33,83,66,83,83,2,5,6,3,3,6,6,5,5,6,6,2,6,6,5,3,2,5,5,6,3,5,5,4,6,5,4,5,5,5,1.8,2.333333333,4.5,5.833333333,2.833333333,3.5,43.2
168,男性,19,安定,3,2,4,2,3,2,2,2,2,3,1,1,2,2,2,3,2,3,3,3,33,83,66,16,66,5,6,3,6,5,3,5,4,3,5,6,4,5,5,6,5,5,2,2,2,6,6,5,5,3,2,6,5,5,3,2.05,3.666666667,5.666666667,3,5.333333333,4.833333333,60
169,女性,20,アンビバレント,3,2,3,2,4,1,2,2,2,3,1,3,1,1,4,3,2,2,4,4,66,83,83,51,66,5,5,6,6,4,6,5,5,5,5,4,4,6,6,5,4,3,7,5,6,4,4,5,4,6,5,4,7,6,4,1.75,2.833333333,4,6,4.166666667,4.166666667,63
170,男性,19,回避,4,1,3,2,2,1,3,3,1,3,1,2,2,2,1,2,3,3,4,4,51,51,51,83,33,3,3,7,3,2,6,6,3,7,7,5,2,6,7,4,2,1,7,7,7,3,5,7,1,7,2,2,3,6,7,2.25,1.666666667,4.666666667,6.666666667,2.166666667,1.5,47.4
171,男性,19,回避,3,2,3,2,3,2,3,2,3,3,2,4,2,2,2,3,2,4,4,3,16,83,51,66,33,2,4,6,4,5,6,5,3,3,4,4,5,7,5,5,4,3,5,3,6,5,5,4,5,6,2,5,4,6,4,2.3,2.833333333,4.833333333,5.666666667,4.333333333,4.5,50.2
172,男性,19,安定,3,2,4,2,3,1,2,1,2,3,1,3,2,2,3,3,3,2,3,3,83,83,83,16,16,2,4,5,5,4,5,5,4,4,6,5,4,6,6,5,3,3,4,4,4,5,4,5,5,2,4,3,5,6,3,2,2.333333333,4.333333333,4.166666667,3.833333333,4.333333333,83.4
173,男性,19,安定,2,1,3,2,3,1,3,2,3,3,1,1,1,1,2,3,2,2,3,3,16,51,51,51,33,1,6,5,3,6,4,3,3,5,7,6,4,7,7,5,2,3,3,2,3,4,6,2,6,2,2,4,5,7,2,1.9,1.333333333,5.666666667,3.333333333,3.333333333,5.833333333,46.8
174,男性,19,安定,3,3,3,2,3,1,3,2,3,3,2,4,2,2,3,2,3,2,3,3,51,51,16,66,51,5,6,3,4,4,4,5,4,4,3,5,3,6,6,6,4,4,3,4,4,6,6,6,3,5,4,5,3,5,4,2.3,3.5,5.166666667,4,4.333333333,3.333333333,40.2
175,男性,19,安定,3,2,3,2,2,2,2,2,3,3,2,2,2,2,3,2,2,2,3,4,33,66,33,66,33,1,6,5,5,5,5,5,3,3,5,5,3,5,5,5,3,3,5,3,3,3,5,3,5,5,3,5,5,5,3,2.1,3,5.166666667,4.666666667,3.666666667,5,46.6
176,男性,20,安定,3,1,4,4,3,1,1,1,2,4,1,1,1,1,3,4,2,1,4,4,66,83,66,33,16,3,4,5,4,6,5,6,4,3,3,7,4,1,1,7,4,4,6,5,5,4,7,3,4,5,4,5,5,6,5,1.3,4.833333333,5.5,5.333333333,4.166666667,4.333333333,73.2
177,男性,19,回避,3,2,4,2,2,1,3,1,2,3,1,3,3,2,2,2,2,2,4,3,51,66,66,33,16,2,6,3,7,6,5,2,5,6,5,6,3,3,6,5,2,5,4,5,3,3,2,6,5,3,2,5,5,6,3,2.15,2.666666667,4.666666667,3.333333333,4.166666667,4.333333333,66.8
178,男性,20,安定,3,1,4,2,3,1,3,1,4,4,2,2,1,1,2,4,1,1,4,4,66,83,66,16,16,5,5,5,6,5,3,5,6,4,5,5,4,4,5,5,3,2,4,2,6,5,4,4,5,5,6,5,5,4,3,1.5,3.833333333,3.833333333,4.666666667,4.166666667,5,76.6
179,女性,20,安定,4,1,3,2,3,1,2,1,3,4,1,1,2,2,3,3,3,2,3,4,66,66,66,51,33,2,5,6,3,5,7,6,6,4,7,6,3,7,7,7,2,2,6,5,6,2,6,2,5,5,5,2,7,6,4,1.7,1.833333333,4.833333333,6,2.333333333,5,62.8
180,女性,20,回避,3,2,3,3,3,1,2,2,3,4,2,3,2,2,3,3,2,2,3,3,66,66,66,51,51,4,5,5,4,5,5,5,4,4,5,5,4,4,3,4,3,3,5,2,5,4,3,4,5,5,5,4,5,4,3,1.95,4,4,5,3.666666667,5,59.2
181,女性,20,安定,4,1,4,3,4,1,2,1,3,4,1,1,1,1,4,4,2,1,4,4,67,84,84,17,17,2,5,4,2,5,6,1,3,5,5,4,5,5,6,6,2,2,5,4,2,2,5,3,4,2,5,1,7,6,2,1.2,2.5,4.666666667,3.333333333,2.333333333,5.166666667,80.2
182,女性,20,回避,3,1,3,3,2,1,2,1,2,3,1,2,3,2,2,3,2,2,3,4,49,67,67,49,34,5,5,5,3,3,5,5,5,2,2,4,5,3,3,5,5,4,5,4,5,5,5,5,3,5,4,2,5,6,5,1.95,4.833333333,4.333333333,5,4,3.5,60
183,女性,20,回避,3,1,3,2,2,1,3,1,1,4,1,1,1,1,1,3,4,2,4,4,49,49,49,49,49,2,7,7,3,2,7,2,1,2,6,6,3,7,6,6,2,2,6,7,2,5,3,7,2,5,3,2,1,7,7,1.95,2.333333333,5.666666667,4.833333333,2.833333333,1.333333333,49.8
184,女性,20,安定,3,1,3,3,3,1,2,1,3,3,1,1,1,1,3,3,1,1,3,3,67,67,67,17,17,4,6,3,4,6,4,3,3,2,2,6,5,4,4,6,4,2,3,2,2,3,5,2,5,2,3,2,5,5,1,1.55,4.5,5.5,2.833333333,3.333333333,5.833333333,73.4
185,女性,20,回避,3,2,3,2,2,2,3,3,1,3,1,3,1,3,2,3,3,2,4,3,67,34,49,67,49,3,3,6,7,6,7,7,5,4,5,3,5,6,6,6,7,6,7,6,6,7,5,1,3,7,6,7,6,4,2,2.35,3,3.666666667,6.666666667,6.5,5,46.8
186,女性,20,安定,3,2,3,3,3,2,2,2,2,3,1,2,1,2,3,3,2,2,4,3,84,67,84,34,34,3,5,3,4,5,4,4,4,4,5,5,3,5,5,4,3,3,4,3,3,3,4,3,4,4,4,3,5,5,2,1.9,3.166666667,4.333333333,3.666666667,3.166666667,5,73.4
187,女性,20,安定,3,1,3,3,3,1,3,1,3,3,1,2,1,1,3,4,2,2,4,4,49,84,84,84,49,3,5,4,5,6,5,4,3,4,5,6,5,3,4,5,5,4,5,3,4,5,5,3,5,5,4,4,5,5,3,1.6,3.666666667,5,4.5,4.666666667,5.166666667,56.8
188,女性,20,回避,3,2,3,2,2,2,4,2,2,3,1,3,3,2,3,2,3,3,4,2,67,67,34,17,17,6,3,7,7,4,6,7,6,7,7,4,4,2,2,6,2,4,7,4,7,6,5,2,5,7,3,2,7,2,1,2.45,4.333333333,4.166666667,6.833333333,4.166666667,5.5,66.8
189,女性,20,安定,3,1,4,3,3,1,2,1,2,3,1,2,1,1,3,3,2,2,4,4,49,67,49,34,2,6,6,6,4,3,5,5,3,2,3,5,3,2,5,5,4,4,6,5,7,3,5,5,3,5,3,4,3,2,5,1.6,5.333333333,5.166666667,5.666666667,3.666666667,3,65.8
190,女性,20,回避,3,2,4,2,2,1,2,2,1,3,1,3,3,1,4,4,2,1,4,4,34,49,17,34,49,1,3,6,6,6,6,4,5,4,5,5,3,5,5,6,3,4,5,5,6,7,5,6,2,4,5,5,2,5,4,1.85,2.833333333,4.166666667,5.166666667,4.666666667,3.166666667,43.4
191,男性,20,安定,4,1,4,2,2,1,2,1,2,4,1,1,1,1,4,3,1,2,4,3,67,84,84,2,2,3,6,2,5,5,3,2,1,5,6,7,4,5,5,6,2,3,3,4,5,5,6,4,4,3,2,5,3,7,5,1.5,2.5,6.333333333,3,4,3.833333333,86.2
192,男性,20,アンビバレント,3,1,3,2,2,1,3,2,2,3,2,2,2,3,2,4,3,3,4,3,17,67,34,67,49,6,5,7,5,5,7,7,5,4,4,5,4,3,3,5,3,2,7,3,6,5,5,4,4,5,6,5,4,3,3,2.2,4.833333333,4.166666667,6.5,4,4.5,40.4
193,男性,20,アンビバレント,3,3,3,2,4,1,2,2,2,3,2,3,2,2,1,3,4,2,3,3,49,67,49,67,67,4,5,6,3,2,5,4,3,4,5,6,3,2,4,5,2,2,6,6,5,4,4,5,2,6,4,2,2,6,7,2.3,3.833333333,4.833333333,5.333333333,2.666666667,2,46.2
194,男性,20,安定,3,1,3,2,3,1,2,2,4,4,2,2,1,3,4,3,2,2,4,4,84,67,84,67,67,5,5,6,6,6,5,5,4,2,4,6,6,5,5,6,7,6,5,3,4,6,6,3,6,3,4,6,6,5,4,1.7,4,5.166666667,4.666666667,6.166666667,5.333333333,60.2
195,女性,21,安定,3,2,1,2,3,1,1,1,3,3,1,2,2,3,3,3,3,1,4,4,84,84,84,49,34,5,5,5,4,5,6,3,3,2,5,6,4,5,4,5,5,4,5,4,5,5,5,4,3,2,3,5,6,3,5,1.9,4.333333333,5.166666667,4.333333333,4.5,4.166666667,73.8
196,女性,20,安定,4,1,4,3,4,1,1,1,3,4,1,2,1,1,4,3,1,2,4,4,84,84,98,34,34,5,6,6,5,5,6,6,3,5,5,6,5,3,3,5,5,5,6,4,5,5,6,5,5,6,2,5,6,5,5,1.25,4,5.666666667,5.833333333,5,4.333333333,79.6
197,女性,20,安定,4,1,4,3,3,1,2,1,3,4,1,2,1,1,4,4,1,2,4,4,67,84,84,34,34,5,4,5,3,6,4,6,4,2,4,6,5,2,2,6,2,3,5,2,5,4,5,3,4,5,4,3,6,3,3,1.3,5.333333333,4.833333333,5,3.333333333,5.333333333,73.4
198,女性,20,安定,3,1,4,2,2,1,2,2,3,4,1,2,2,2,3,3,2,2,4,4,34,67,34,49,49,2,5,4,3,6,4,4,2,4,5,5,3,5,5,5,4,3,4,2,5,5,5,2,6,4,3,2,6,6,2,1.75,2.833333333,5.166666667,4.166666667,3.333333333,6,47.4
199,女性,20,回避,3,1,3,3,4,1,2,2,2,3,1,2,1,2,3,3,1,2,3,3,67,67,84,34,34,5,6,4,5,5,5,4,3,3,4,5,4,2,2,5,6,4,4,4,5,3,5,3,5,5,2,5,6,5,2,1.75,4.833333333,5.333333333,4.5,4.5,5.166666667,70
200,女性,20,回避,3,2,4,2,3,2,2,2,3,3,1,1,1,1,3,3,2,3,4,3,84,84,84,17,17,3,6,5,6,6,5,5,2,3,4,6,3,6,5,6,5,5,5,2,1,6,6,2,5,3,2,3,6,2,2,1.8,3.833333333,6,4,4.666666667,5.833333333,83.6
201,女性,20,安定,2,1,3,2,3,1,2,1,3,4,1,1,1,2,3,3,1,2,4,4,67,84,67,17,34,5,3,3,2,5,5,4,5,4,3,5,3,2,6,4,2,1,4,2,2,2,5,3,6,2,6,2,7,7,3,1.6,3.833333333,3.666666667,3.333333333,2,5.666666667,73.4
202,女性,20,安定,3,1,4,3,3,1,2,2,3,4,1,3,1,1,3,3,1,2,4,3,17,49,49,34,2,5,5,5,5,5,5,5,4,4,3,6,5,2,2,6,5,4,6,3,3,4,5,2,6,5,4,6,6,5,2,1.6,4.833333333,5,4.833333333,4.833333333,5.666666667,55.8
203,女性,20,安定,3,1,3,3,3,1,2,1,2,3,1,2,2,1,3,3,2,4,3,3,67,67,84,17,17,6,6,6,3,3,5,3,2,2,3,6,4,2,2,6,3,3,6,2,5,5,6,2,5,5,3,3,6,2,2,1.9,5.833333333,5.833333333,5,3.5,5.333333333,76.8
204,女性,21,安定,3,2,4,2,3,1,2,1,3,4,1,2,2,2,3,3,1,1,4,4,67,49,84,34,17,5,6,7,6,6,6,5,3,3,3,6,4,5,5,6,4,3,6,3,6,5,5,3,4,5,2,2,5,5,2,1.6,4,5.666666667,5.833333333,4,5.166666667,69.8
205,女性,20,安定,3,1,4,3,2,1,2,1,2,3,1,2,1,1,3,3,2,2,4,4,67,67,67,49,34,5,5,6,5,4,5,6,3,3,3,5,4,3,3,5,3,3,6,3,6,4,5,3,4,5,3,3,3,3,3,1.65,5,5,5.666666667,3.666666667,4.333333333,63.6
206,女性,20,安定,4,1,4,3,4,1,1,1,3,4,1,2,2,1,4,4,1,1,4,4,84,67,84,49,17,2,4,5,3,5,6,6,6,5,6,5,6,6,5,6,2,2,6,5,6,4,5,5,6,6,6,3,6,7,1,1.2,2.166666667,4,5.833333333,3.333333333,5,73.8
207,女性,20,回避,3,1,4,4,2,1,3,1,1,4,1,3,3,2,4,4,2,1,4,4,84,49,67,67,49,6,2,5,5,5,3,5,7,6,6,3,4,1,3,5,6,6,3,1,2,7,6,4,4,3,3,6,6,2,4,1.7,4.666666667,3.666666667,3.5,5.666666667,5,56.8
208,女性,20,安定,3,1,3,3,2,1,3,2,3,3,1,2,1,1,3,3,2,2,4,4,67,67,49,49,67,3,3,6,5,4,6,5,4,5,5,5,3,4,4,6,3,3,6,3,4,3,5,2,4,5,4,3,3,5,3,1.75,3.333333333,4.5,5.333333333,3.333333333,4.5,53.4
209,女性,23,回避,3,1,4,2,3,1,3,1,2,3,1,3,2,1,2,3,2,1,4,4,49,49,49,67,67,5,6,7,7,3,5,6,2,2,2,4,3,5,1,5,5,2,7,5,6,6,6,3,1,7,2,1,4,5,6,1.8,5,5.5,6.333333333,4,3,42.6
210,男性,20,アンビバレント,3,2,3,3,2,1,2,1,3,3,2,2,2,2,1,4,3,1,4,4,84,98,67,34,34,2,6,7,4,1,7,4,4,4,5,7,1,2,4,6,2,1,7,7,7,3,6,5,6,7,4,3,5,1,4,1.9,4.333333333,5.5,6.5,2.333333333,3.333333333,76.2
211,女性,20,回避,3,2,3,2,2,2,3,2,1,3,1,3,2,2,3,3,1,2,3,3,34,34,49,34,34,5,3,3,3,3,3,2,2,2,4,4,3,5,5,4,4,3,2,3,2,4,3,5,3,2,1,5,3,4,4,2.2,4.166666667,4.5,2.333333333,3.666666667,3.5,49.8
212,女性,20,安定,4,2,4,2,3,1,2,2,2,4,1,2,2,1,3,3,2,2,3,4,67,67,84,17,2,5,5,3,4,5,5,3,3,4,4,5,2,4,5,5,3,2,2,3,3,2,4,4,4,3,4,3,5,5,3,1.75,3.833333333,4.666666667,3.166666667,2.666666667,4.666666667,79.8
213,女性,20,安定,4,2,4,3,3,1,3,1,3,4,1,3,2,2,4,4,1,2,4,4,34,67,67,34,34,2,5,6,7,6,5,7,6,3,3,5,4,5,3,4,3,5,6,2,6,6,6,3,5,6,4,7,6,7,2,1.55,3.5,4.333333333,6,5.333333333,5.666666667,60
214,女性,20,安定,2,1,3,2,3,1,3,1,3,3,1,1,1,1,2,4,1,2,4,4,67,67,67,49,49,2,5,5,4,6,5,4,3,3,5,5,4,6,6,6,3,1,6,2,5,3,5,2,5,5,3,1,6,5,2,1.65,2.833333333,5.166666667,5,2.666666667,5.833333333,60.6
215,女性,20,安定,3,1,3,3,3,1,2,1,3,4,1,1,2,1,2,3,2,2,4,4,67,98,84,49,34,3,5,6,3,6,6,4,2,4,3,6,5,6,6,5,3,5,6,3,6,4,5,3,5,6,6,5,6,6,3,1.6,3,4.833333333,5.666666667,4.166666667,5.333333333,73.2
216,女性,20,安定,4,1,4,3,4,1,2,1,3,4,1,2,1,1,4,4,1,2,4,4,49,67,49,34,34,5,5,3,3,5,6,5,2,3,6,6,5,6,6,5,2,3,6,1,6,2,5,4,4,6,5,2,6,6,3,1.25,3,5,5.333333333,2.833333333,5.166666667,59.4
217,女性,20,回避,3,1,3,2,2,2,3,2,2,3,1,3,2,2,1,2,3,2,3,3,49,49,34,67,17,3,5,6,6,5,6,6,4,7,7,6,4,6,6,6,4,3,5,6,6,3,4,6,3,5,4,2,4,6,6,2.35,1.833333333,4.833333333,5.666666667,3.666666667,3,49.6
218,男性,20,回避,1,3,2,2,3,3,3,3,1,2,3,3,3,4,2,2,3,3,2,1,17,34,34,84,67,5,5,6,3,2,5,6,5,6,6,3,3,3,5,5,2,3,7,6,7,5,5,6,2,6,5,3,3,5,6,3.15,3.333333333,4,6.166666667,3.166666667,2.166666667,26.8
219,女性,20,アンビバレント,3,2,3,2,2,2,3,2,1,3,2,3,2,3,2,2,3,3,3,3,34,49,49,67,49,3,4,6,6,3,6,6,6,6,6,3,2,5,5,4,2,2,6,6,6,3,4,5,3,6,5,6,4,5,5,2.55,2.666666667,3.333333333,6,3.5,3,43.2
220,女性,20,アンビバレント,3,1,3,2,2,1,3,1,2,3,1,2,2,1,1,2,2,3,3,3,67,49,84,49,49,6,5,5,6,2,5,5,4,4,5,5,5,3,3,5,5,3,6,6,6,5,5,5,3,7,3,5,3,5,5,2.15,4.333333333,4.833333333,5.666666667,4.833333333,2.666666667,60.4
221,女性,20,安定,3,1,4,3,2,1,2,1,3,4,1,1,1,1,4,4,2,1,4,4,49,49,67,17,17,6,5,4,5,5,5,4,5,3,3,5,5,5,4,5,4,4,5,2,5,4,5,3,5,5,5,3,5,2,2,1.35,4.833333333,4.333333333,4.666666667,4.166666667,5.333333333,66.2
222,女性,20,回避,4,3,3,2,3,2,3,2,1,3,1,2,2,2,2,2,2,3,3,3,49,67,49,34,17,5,6,2,2,5,3,2,3,6,6,6,2,4,5,4,1,1,2,4,3,2,4,5,2,2,3,1,4,5,4,2.3,3.166666667,5,2.333333333,1.5,3.666666667,62.8
223,女性,20,安定,4,1,2,2,3,1,2,2,4,4,1,1,2,2,3,4,1,1,4,4,67,98,84,84,49,4,5,7,5,6,7,5,3,4,6,6,2,2,5,6,5,2,7,2,6,4,5,1,7,7,2,4,6,6,1,1.5,3.5,5.5,6.5,3.666666667,6.5,63.2
224,女性,20,回避,4,2,3,1,3,1,2,3,3,3,1,3,2,1,2,2,2,2,4,3,49,67,49,67,17,6,4,3,6,5,2,5,4,2,2,6,5,1,1,5,2,1,5,5,5,3,3,6,5,4,2,6,5,5,2,2.05,5.833333333,4.666666667,4,3.833333333,4.333333333,56.2
225,女性,21,安定,4,1,4,3,2,1,3,1,1,3,1,1,1,1,3,4,2,1,4,4,67,67,84,17,2,6,4,5,6,4,5,7,2,4,3,6,5,5,3,5,4,3,2,3,6,7,4,5,3,2,1,6,5,5,4,1.55,4.333333333,5.333333333,4.5,5.166666667,4,79.8
226,女性,20,安定,4,1,3,4,2,1,3,1,4,4,1,1,2,1,3,3,1,2,4,4,84,67,67,49,17,2,7,3,6,3,5,2,1,6,6,6,3,5,5,6,7,7,2,2,1,2,5,3,5,2,1,5,7,2,2,1.45,3,6.333333333,2.5,5,5.333333333,70.4
227,女性,21,回避,4,1,3,3,2,1,3,3,3,3,1,1,1,2,3,2,1,2,3,2,67,84,84,17,17,3,5,3,5,5,5,2,2,5,5,5,6,5,5,5,3,3,2,3,3,3,5,3,5,3,2,5,3,5,2,1.9,3,5.333333333,3,4.166666667,4.833333333,80.2
228,男性,20,安定,3,2,2,2,3,1,3,2,3,3,2,2,2,2,3,3,3,2,4,4,67,67,84,34,34,2,5,5,5,5,6,6,3,4,5,5,4,5,5,5,4,3,6,4,6,4,5,4,4,6,3,5,5,5,3,2.05,3,5,5.833333333,4.166666667,4.5,70
229,女性,21,安定,3,1,4,3,3,1,1,1,3,4,1,1,3,2,4,2,1,2,3,4,34,67,67,34,17,5,6,6,6,7,5,6,6,6,6,6,3,5,5,6,3,5,5,2,6,5,5,1,7,6,5,6,7,6,1,1.55,2.833333333,4.666666667,5.666666667,4.666666667,6.833333333,63.4
230,女性,20,安定,3,1,3,3,2,1,3,2,2,3,1,2,1,2,3,3,2,2,4,4,67,84,84,34,34,4,6,5,6,6,3,2,2,2,4,5,5,4,4,6,5,3,4,3,5,5,6,2,4,4,2,6,6,4,1,1.85,4.333333333,5.833333333,3.833333333,5,5.666666667,73.4
231,女性,20,安定,4,1,4,3,3,1,2,1,3,4,1,1,1,1,3,4,1,2,4,4,98,84,98,17,2,6,5,6,7,6,5,5,1,5,4,6,5,5,3,6,7,6,5,4,5,6,6,2,4,5,1,6,6,5,5,1.3,4,6.166666667,5.166666667,6.166666667,4.833333333,92.2
232,男性,20,アンビバレント,3,2,4,3,3,1,2,1,2,4,1,2,1,2,3,4,2,1,4,4,67,84,98,17,2,2,4,6,3,5,6,7,3,2,5,5,5,5,6,6,3,4,6,1,7,7,6,4,3,6,3,3,4,5,1,1.55,3.166666667,5.166666667,6.333333333,4.166666667,5,86
233,女性,20,安定,3,1,4,2,3,1,2,1,3,4,1,2,1,2,3,4,1,2,4,3,98,98,98,2,2,1,7,6,5,7,5,2,4,3,4,6,4,5,5,5,4,3,5,2,1,2,5,1,5,5,4,3,6,7,2,1.55,2.833333333,5.166666667,4,3.5,6.166666667,98
234,男性,20,アンビバレント,3,3,3,2,3,2,1,3,2,3,1,2,1,2,3,2,1,1,4,2,68,68,68,35,18,5,3,5,5,5,3,2,5,3,3,5,3,4,4,3,2,2,2,3,6,5,5,2,6,3,3,2,6,6,2,2,4.166666667,4,3.5,3.166666667,5.666666667,70.2
235,男性,20,安定,3,1,4,3,3,1,2,1,4,4,1,1,1,1,3,3,1,1,4,4,68,68,85,35,3,3,4,6,3,5,6,6,1,1,1,6,6,2,3,5,5,5,7,4,7,3,5,2,6,7,2,2,7,4,2,1.3,5.333333333,5.5,6.5,4,5.666666667,76.6
236,女性,20,安定,3,2,4,3,4,1,2,1,2,4,1,2,2,1,3,4,1,2,4,4,97,85,97,18,3,6,5,6,6,6,5,5,3,4,4,6,3,2,3,5,4,2,5,4,2,4,5,4,5,3,2,4,3,5,5,1.5,4.666666667,5.333333333,4.333333333,3.833333333,4.166666667,91.6
237,女性,20,安定,3,1,3,1,3,1,2,1,3,4,1,2,1,1,3,4,1,1,4,3,48,68,68,35,18,5,7,7,5,5,4,6,5,1,5,5,3,5,5,7,4,3,7,1,6,6,7,1,4,3,5,5,7,6,1,1.55,3.833333333,5.333333333,5.5,4.333333333,6.166666667,66.2
238,女性,20,安定,3,1,4,3,3,1,2,1,3,3,1,2,1,1,3,3,2,2,4,4,85,85,85,18,18,5,5,5,5,5,4,3,2,2,3,5,4,5,5,5,5,3,5,2,5,4,4,2,6,2,2,5,5,5,1,1.55,4.166666667,5.166666667,4,4.333333333,5.833333333,83.8
239,女性,20,回避,3,1,4,3,4,1,1,1,3,4,1,2,1,1,3,4,2,1,4,4,68,85,85,35,18,3,4,5,4,4,5,5,4,4,5,5,4,2,2,6,3,2,5,4,5,4,4,5,3,4,3,3,3,4,4,1.3,4.333333333,4.666666667,4.833333333,3.333333333,3.5,77
240,女性,20,安定,4,1,4,3,4,1,2,1,2,4,1,1,2,1,3,2,2,1,4,4,85,97,97,18,3,2,5,4,2,5,5,1,5,2,6,6,2,6,7,7,2,1,6,2,6,4,7,2,2,3,5,1,6,7,3,1.45,2.333333333,5.166666667,4.166666667,2,5,91.6
241,女性,20,安定,4,1,3,3,3,1,1,1,4,4,1,2,1,1,3,3,1,1,4,4,85,85,85,18,18,5,6,4,3,6,4,4,3,3,5,6,4,2,5,5,2,3,4,2,3,3,6,2,6,3,3,2,6,5,2,1.3,4.166666667,5.5,3.666666667,2.833333333,6,83.8
242,女性,20,アンビバレント,3,2,2,1,3,2,2,2,1,3,1,3,2,2,2,3,2,2,3,3,48,68,48,48,48,3,3,5,2,3,6,4,5,4,5,3,2,4,4,4,1,2,5,4,5,3,3,4,3,5,5,2,4,5,4,2.3,3.5,3.166666667,5,2,3.666666667,53.6
243,男性,20,回避,2,3,3,2,3,2,3,2,1,2,2,2,3,3,2,2,3,4,3,3,3,48,35,97,68,1,4,7,5,2,6,7,2,6,7,4,1,7,7,4,1,1,7,6,7,3,4,6,1,7,2,5,1,7,6,2.7,1.166666667,4.666666667,6.833333333,2.666666667,1.666666667,24.2
244,女性,21,安定,3,1,4,2,3,1,2,1,3,4,1,2,1,1,4,3,2,2,4,4,48,85,68,18,18,4,5,6,5,6,4,4,3,2,2,5,4,5,5,5,4,3,6,2,6,4,5,2,6,6,3,4,7,5,1,1.5,4.166666667,5,5.333333333,4,6.333333333,73
245,男性,20,アンビバレント,3,2,3,2,3,2,3,2,4,4,1,3,2,2,3,3,3,1,4,4,85,68,35,68,68,4,5,6,7,6,5,6,2,5,5,5,4,3,4,5,7,3,6,2,6,3,5,3,4,5,4,5,5,5,4,1.9,3.666666667,5,5.666666667,4.833333333,5,50.4
246,女性,20,安定,4,2,4,4,4,1,2,1,3,4,1,2,1,1,3,4,3,1,4,4,85,97,85,18,18,3,6,6,3,6,5,2,2,2,3,6,5,6,5,6,4,5,6,5,7,5,6,1,6,5,3,3,6,6,3,1.35,3.5,5.833333333,5.166666667,4.166666667,5.5,86.2
247,男性,20,回避,3,3,3,3,2,2,4,2,1,3,2,3,4,4,4,2,4,3,4,3,68,48,68,85,85,6,3,6,6,3,7,7,7,7,7,4,6,6,6,4,4,5,4,4,4,6,4,4,4,6,4,6,5,6,5,2.65,2.333333333,3.333333333,5.666666667,5.5,3.833333333,42.8
248,女性,20,安定,3,2,3,2,3,1,2,1,4,4,1,2,2,2,3,3,2,2,4,4,68,35,35,85,68,3,5,7,6,6,7,5,2,2,5,5,4,5,6,5,4,2,7,4,7,4,4,2,5,6,3,4,7,7,1,1.7,3,5,6.5,4,5.833333333,37
249,女性,20,安定,3,2,4,2,3,1,2,1,3,4,1,2,1,1,3,4,2,1,4,4,68,97,85,18,18,2,4,6,3,5,5,5,2,2,4,6,4,3,3,5,4,3,6,3,6,4,6,2,6,5,2,4,6,5,2,1.5,4.166666667,5.5,5.5,3.666666667,5.666666667,82.8
250,女性,20,安定,4,1,4,3,3,1,2,1,3,4,1,1,1,1,4,4,1,1,4,4,97,97,97,3,3,3,4,3,6,5,3,1,3,4,5,6,5,4,5,5,1,4,4,2,3,4,5,1,7,2,2,6,7,7,1,1.2,3,5.166666667,2.666666667,4.333333333,6.5,97
251,女性,20,安定,3,2,3,1,2,2,2,2,1,3,2,3,2,3,2,2,4,2,3,3,68,68,68,35,35,5,4,6,3,3,6,6,3,4,5,4,3,3,3,5,3,3,7,5,7,3,4,5,2,5,4,3,3,4,5,2.55,4.333333333,4.333333333,6.166666667,3,2.833333333,66.8
252,女性,20,回避,4,1,2,2,2,1,3,3,3,4,1,2,2,2,3,2,1,2,4,4,85,68,35,68,68,2,6,6,5,3,5,6,1,6,6,6,5,5,5,5,3,4,6,5,2,6,5,2,3,5,1,2,3,5,4,1.9,2.5,6,5,4.166666667,3.666666667,50.4
253,女性,20,安定,3,1,3,3,3,1,2,1,3,4,1,1,1,1,3,4,2,2,4,4,48,85,68,18,18,2,5,3,2,4,6,3,3,4,6,6,4,7,7,4,3,2,4,4,2,2,4,4,3,2,2,1,2,7,5,1.45,1.833333333,5,3.333333333,2.333333333,3.333333333,73
254,女性,20,安定,3,1,4,2,3,2,2,2,4,4,2,2,2,1,1,3,2,1,3,3,48,48,48,48,48,2,3,6,5,6,5,5,4,3,3,4,3,5,5,5,3,2,5,4,5,4,6,2,6,6,4,3,5,6,2,1.85,3.333333333,4.333333333,5.333333333,3.333333333,5.5,49.6
255,男性,20,安定,2,1,3,2,2,2,3,2,1,3,2,3,1,1,3,1,2,2,3,3,3,3,3,97,97,2,3,7,2,3,6,6,5,4,5,3,4,6,6,3,2,2,7,5,6,7,3,6,3,6,3,2,2,7,3,2.3,2.333333333,3.333333333,6.333333333,3.166666667,3,3
256,女性,20,安定,4,1,4,3,3,4,4,1,2,4,1,1,1,1,3,4,3,1,4,4,85,85,85,18,18,5,5,6,4,3,6,6,2,2,2,6,4,2,1,5,2,2,7,3,7,3,5,6,2,6,2,3,4,4,5,1.65,5.666666667,5.5,6.333333333,3,3.166666667,83.8
257,女性,21,安定,4,1,4,3,3,1,2,1,2,4,1,1,1,1,4,4,1,1,4,4,35,97,97,3,3,3,4,3,5,7,2,5,5,1,1,5,6,5,4,6,4,4,3,1,2,7,6,2,5,2,1,1,7,5,1,1.25,4.5,5.166666667,2.833333333,4.5,6.5,84.6
258,女性,20,安定,4,2,4,2,3,1,2,1,3,4,2,2,1,3,4,4,3,2,4,4,85,97,85,18,18,3,5,5,7,7,5,3,5,4,4,6,4,5,6,5,4,3,6,4,7,6,5,5,4,5,4,6,6,6,3,1.65,3,4.666666667,5.166666667,5,4.833333333,86.2
259,女性,23,アンビバレント,4,1,2,2,4,1,1,2,3,3,4,2,1,2,3,3,3,1,4,4,68,68,68,3,18,3,3,3,7,5,4,4,5,3,3,4,5,4,4,5,6,4,3,5,4,5,6,5,5,4,5,6,6,5,4,1.8,4,4,3.666666667,5.5,4.333333333,76.6
260,男性,21,安定,3,2,2,2,3,1,1,1,3,4,2,2,1,2,4,4,2,1,4,4,68,68,85,35,18,3,3,5,4,4,5,4,3,5,5,5,4,4,4,5,3,2,5,5,5,3,5,4,4,5,3,3,3,5,5,1.6,3.333333333,4.666666667,4.833333333,3.166666667,3.5,73.6
261,女性,20,安定,4,1,2,3,2,1,3,2,3,4,2,2,1,2,3,3,2,2,4,4,68,68,68,48,35,4,4,5,5,6,5,5,2,4,5,6,3,5,5,6,4,3,5,2,5,3,6,3,2,5,1,3,5,7,5,1.8,3,5.833333333,5,3.5,4.5,64.2
262,女性,20,安定,3,2,3,2,2,2,3,2,4,3,3,3,2,2,3,3,3,2,2,3,35,68,68,35,48,3,4,5,3,5,6,5,5,3,3,4,3,2,2,5,4,1,5,5,5,4,5,4,2,4,5,4,3,6,5,2.3,4.5,4,5,3.166666667,3.333333333,57.6
263,女性,20,安定,4,1,1,3,3,1,2,1,2,4,2,2,2,2,3,3,2,2,3,3,68,85,85,18,18,5,6,5,6,5,5,4,4,3,4,6,5,5,5,5,3,3,5,4,5,4,5,2,4,4,4,5,5,5,3,1.9,3.833333333,5,4.666666667,4.333333333,4.833333333,80.4
264,女性,20,アンビバレント,3,1,3,2,2,2,2,2,2,4,1,2,2,2,3,4,3,2,4,4,68,68,85,35,18,4,5,5,5,4,5,4,2,3,3,5,3,3,3,5,3,2,6,5,6,4,4,5,3,5,3,4,6,5,4,1.9,4.5,5,5.166666667,3.5,3.833333333,73.6
265,女性,20,安定,3,1,2,2,3,1,3,1,3,4,2,2,1,2,3,4,3,2,4,4,85,48,68,68,68,3,5,7,6,5,6,7,3,3,5,6,5,3,2,6,5,5,7,5,7,5,6,3,5,7,3,6,5,3,5,1.8,4.5,5.5,6.833333333,5.333333333,4.333333333,53
266,女性,20,安定,4,2,3,2,4,1,2,2,3,4,1,1,1,1,3,3,1,1,4,3,68,68,48,48,48,5,4,5,4,5,4,4,3,4,5,5,4,5,5,5,3,3,5,4,5,4,4,4,5,3,3,4,5,5,4,1.5,3.5,4.666666667,4.333333333,3.666666667,4.5,57.6
267,男性,20,回避,2,3,3,3,2,1,2,1,3,4,2,3,4,3,2,4,2,2,3,4,18,85,68,68,35,2,5,6,4,3,5,5,5,3,5,5,4,5,5,6,4,3,6,5,6,4,6,3,4,6,4,5,4,5,6,2.15,3.166666667,4.833333333,5.666666667,4,3.5,53.6
268,女性,21,回避,2,1,2,1,1,4,4,4,3,3,1,4,4,4,4,1,4,4,4,1,3,18,68,35,18,2,5,5,7,5,7,5,7,6,6,1,7,6,3,3,6,1,7,5,5,6,1,2,5,7,7,6,2,5,6,3.1,2.666666667,2,6,5.5,3.833333333,47.2
269,男性,23,回避,3,1,4,3,2,1,3,1,2,4,2,2,2,2,3,2,2,3,4,4,68,68,68,68,68,1,6,5,5,2,5,5,1,4,5,7,5,4,4,6,6,3,6,5,5,5,7,2,2,5,1,5,3,6,4,1.9,3,6.666666667,5.166666667,4.833333333,3.333333333,53.6
270,女性,20,回避,2,3,3,2,2,2,3,2,1,3,2,3,2,2,1,3,3,2,3,2,48,48,48,68,48,5,4,5,6,3,3,6,4,4,4,3,4,4,3,4,3,3,5,5,6,5,4,7,3,5,4,4,3,4,6,2.6,4.333333333,3.833333333,5,4.166666667,2.5,45.6
271,女性,20,回避,3,2,3,1,3,1,2,2,4,3,1,3,1,1,2,2,3,2,4,3,35,35,35,68,48,3,1,7,2,6,6,6,7,6,6,2,2,3,5,5,6,2,7,4,7,5,6,5,3,7,7,5,4,6,6,2,2.833333333,2.666666667,6.666666667,3.666666667,3.666666667,37.8
272,女性,20,回避,3,2,3,3,3,2,4,1,4,3,1,4,2,2,2,3,2,2,3,3,68,68,68,68,48,2,6,6,4,3,3,2,2,2,7,7,5,7,7,6,7,7,2,4,2,5,6,2,6,3,2,7,5,6,2,2.1,2.166666667,6.166666667,3,5.833333333,5,57.6
273,女性,20,回避,2,2,3,1,2,2,3,2,2,3,1,3,2,3,2,2,2,3,3,3,18,68,48,35,48,3,4,6,5,3,6,6,6,5,5,5,3,5,5,5,3,2,6,6,6,3,6,5,5,6,6,3,4,4,3,2.5,3.166666667,4,6,3.166666667,3.666666667,50.2
274,女性,20,安定,3,1,4,3,3,4,2,1,3,4,1,2,2,2,3,4,1,1,4,4,85,85,85,18,18,6,5,5,6,6,5,5,5,4,2,5,4,2,2,5,4,4,5,3,5,4,5,2,6,4,3,3,6,3,3,1.6,5.5,4.666666667,4.833333333,4.166666667,5.666666667,83.8
275,女性,20,回避,3,3,3,2,1,2,4,2,4,4,1,3,1,3,3,2,4,4,3,3,18,18,18,85,85,5,2,6,6,2,6,4,5,5,6,6,2,2,2,4,2,2,6,6,7,5,5,6,2,7,5,6,5,2,3,2.45,4.666666667,3.833333333,6,3.833333333,3,16.8
276,女性,21,安定,3,2,4,3,4,1,2,1,2,3,1,2,1,1,4,4,2,2,4,4,68,68,68,48,48,5,6,7,6,5,3,4,3,3,2,5,4,1,2,6,5,4,6,1,7,6,6,1,5,6,3,4,5,2,1,1.5,5.833333333,5.5,5.5,4.833333333,6,61.6
277,男性,21,安定,4,1,4,3,2,1,3,2,3,3,1,3,3,2,3,3,1,2,4,3,85,85,68,35,35,3,6,6,5,7,3,5,2,3,6,6,3,6,5,5,5,6,6,2,3,3,5,2,6,3,2,3,6,6,1,1.85,2.833333333,5.666666667,4.333333333,4.166666667,6.333333333,73.6
278,男性,22,回避,4,2,4,4,4,1,2,1,3,4,1,2,1,2,1,4,2,1,4,4,68,85,85,35,35,2,6,6,6,5,5,5,4,3,5,6,4,4,3,6,2,2,5,3,6,7,6,4,5,5,4,5,7,5,2,1.45,3.666666667,5.333333333,5.333333333,4.333333333,5.333333333,73.6
279,女性,20,安定,4,2,4,3,3,1,3,2,3,4,2,1,2,2,3,3,2,2,4,3,68,97,85,18,18,3,5,2,5,6,2,1,3,3,5,5,4,5,5,6,2,5,2,2,3,5,5,1,5,1,3,3,6,5,3,1.75,3.333333333,5.166666667,1.833333333,4,5.833333333,82.8
280,女性,20,回避,4,2,3,2,1,2,3,2,2,4,1,2,1,1,3,4,1,3,4,3,89,85,100,0,0,2,4,5,6,2,6,3,6,6,7,5,6,5,7,5,1,3,6,3,6,2,2,5,2,3,6,2,5,5,6,1.9,2,3.333333333,4.833333333,3.333333333,3.166666667,94.8
281,女性,20,安定,3,1,4,2,4,1,3,1,4,4,1,2,2,1,3,3,2,3,4,4,88,100,87,0,0,3,5,5,7,7,5,2,5,6,3,4,5,5,5,7,2,4,4,1,6,6,4,2,7,4,6,5,7,5,1,1.6,3.166666667,4.166666667,4.333333333,4.833333333,6.833333333,95
282,女性,20,安定,4,1,4,2,4,2,2,1,2,4,1,2,2,1,4,3,2,1,4,4,68,84,90,62,39,2,5,6,5,5,5,7,3,3,7,6,6,7,5,5,4,6,7,4,7,6,6,2,4,7,5,4,5,6,3,1.5,2.333333333,5,6.5,5.166666667,4.833333333,68.2
283,女性,20,安定,3,2,1,3,2,1,4,1,3,3,1,2,1,1,4,4,1,1,4,3,100,100,100,69,6,3,3,3,3,5,3,3,7,6,7,3,7,7,7,5,5,5,3,3,4,5,3,7,5,4,7,5,5,7,5,1.75,1.5,2.666666667,3.333333333,5,4,85
284,女性,20,安定,2,1,3,3,3,2,2,1,2,3,2,3,2,2,2,2,2,3,4,3,60,55,55,40,30,4,3,5,5,5,5,6,4,3,6,5,2,3,6,5,2,2,6,4,7,2,5,3,4,6,5,2,6,5,2,2.15,3.5,4.166666667,5.833333333,2.5,5,60
285,女性,22,安定,3,1,3,3,2,1,2,2,2,4,1,2,2,2,2,3,3,2,3,3,67,44,49,59,5,3,6,5,6,5,5,5,5,7,6,5,3,6,6,5,5,2,6,4,6,5,5,2,3,5,5,5,5,3,3,2,2.5,4.5,5.333333333,4.333333333,4.666666667,59.2
286,女性,20,安定,3,2,3,3,3,1,3,1,3,4,2,2,2,1,3,4,2,2,4,4,70,62,61,61,50,5,5,6,3,6,6,6,5,2,5,5,6,5,3,5,3,2,6,2,6,6,5,2,6,6,4,2,5,6,3,1.7,4,4.5,6,3.666666667,5.666666667,56.4
287,女性,20,安定,4,2,3,2,3,1,3,2,1,4,1,2,3,2,2,1,2,3,4,4,50,87,82,0,0,2,4,5,6,4,5,2,2,7,7,5,1,5,7,5,1,1,3,5,5,5,4,5,1,1,2,4,5,7,4,2.15,1.5,5,3.5,3,3.333333333,83.8
288,女性,20,安定,3,1,4,2,3,1,1,1,3,4,1,4,1,1,3,4,1,1,4,4,50,75,100,30,10,2,3,5,4,5,7,3,1,4,7,7,3,7,7,5,2,1,5,2,5,2,5,2,5,5,3,1,5,7,4,1.45,1.666666667,5.333333333,5,2.166666667,5.166666667,77
289,女性,20,回避,3,1,3,2,3,1,3,1,2,4,1,2,2,2,3,4,3,2,4,4,81,80,81,19,18,2,4,4,5,5,2,2,5,2,3,5,3,2,1,5,3,3,6,4,6,2,5,2,2,6,4,5,5,4,4,1.8,5,4.333333333,4.333333333,3.5,4.333333333,81
290,女性,20,回避,3,1,4,2,2,1,2,1,2,4,2,1,1,2,2,4,2,3,4,4,75,70,60,20,30,2,3,5,3,5,5,6,7,4,5,3,4,6,6,4,2,2,7,5,3,2,4,3,4,6,6,2,4,4,3,1.75,2.833333333,2.833333333,5.333333333,2.5,4.333333333,71
291,女性,20,回避,2,2,2,3,2,2,3,3,2,3,2,3,3,3,3,2,4,2,3,3,30,40,27,85,25,3,5,5,6,5,5,6,2,4,6,5,5,7,7,5,3,2,6,5,5,6,4,5,5,6,3,5,5,7,5,2.6,2,5,5.5,4.5,4,37.4
292,男性,20,回避,3,1,3,3,2,1,4,2,3,4,2,2,3,3,3,3,1,4,4,4,77,72,80,0,0,1,6,5,7,4,6,7,1,5,5,6,7,6,7,7,5,5,7,3,7,7,6,4,3,6,2,5,4,7,3,2.05,1.833333333,6.333333333,6.333333333,6,4.166666667,85.8
293,女性,20,安定,3,2,3,3,3,1,3,1,2,4,1,3,1,2,3,4,3,1,4,4,16,17,55,21,16,6,4,5,5,4,5,4,3,5,6,4,4,3,5,4,3,2,4,4,5,5,4,3,2,5,5,4,2,6,4,1.75,3.5,4,4.666666667,3.833333333,3.5,50.2
294,女性,20,安定,3,1,4,3,3,1,4,1,4,4,1,1,1,1,3,4,1,3,4,3,53,60,77,34,38,3,6,5,6,6,2,2,1,2,5,7,7,6,7,5,5,3,2,2,6,5,6,2,6,2,3,5,6,7,2,1.5,2.666666667,6,3.166666667,5.166666667,6,63.6
295,女性,21,安定,3,1,4,4,3,1,2,1,3,4,1,1,2,2,3,4,1,1,4,4,80,92,96,5,5,5,5,4,7,6,4,6,3,2,2,5,6,3,3,6,6,6,5,2,6,7,6,2,4,7,4,6,6,2,1,1.35,5.5,5.166666667,5.333333333,6.333333333,5.833333333,91.6
296,女性,20,回避,2,1,2,1,2,2,4,4,3,3,2,4,4,3,3,2,3,3,4,2,44,50,41,82,54,2,7,6,3,6,6,6,1,5,7,6,3,7,6,4,6,2,6,6,7,4,3,3,5,7,2,6,7,7,1,2.8,1.666666667,5.5,6.333333333,4,5.333333333,39.8
297,女性,20,安定,3,1,3,2,3,1,2,1,2,3,1,2,1,1,3,3,1,1,4,3,90,90,90,20,10,6,6,5,3,5,6,5,2,3,2,6,5,2,2,6,2,2,6,5,6,5,6,4,3,7,1,3,4,2,5,1.65,5.833333333,6.166666667,5.833333333,3.333333333,3.666666667,88
298,女性,20,安定,2,3,2,2,2,3,4,3,3,2,2,2,3,3,2,2,2,3,2,2,32,29,42,71,39,4,3,7,5,3,6,6,5,6,7,5,3,7,5,4,4,4,7,4,6,4,4,3,4,7,7,5,5,7,5,2.85,2,3.333333333,6.5,4.166666667,4,38.6
299,女性,20,アンビバレント,3,3,3,2,2,2,4,2,2,3,1,3,3,2,2,3,3,4,3,3,48,61,55,50,40,6,5,6,5,2,5,7,3,5,6,5,2,3,1,5,2,2,7,5,7,4,6,3,2,7,2,5,6,3,2,2.55,4.666666667,5.333333333,6.5,3.333333333,4,54.8
300,女性,24,安定,4,1,4,4,4,1,2,1,3,4,1,1,1,1,4,4,2,1,4,4,51,60,80,55,10,6,5,6,2,6,5,6,3,1,4,6,4,2,3,6,2,2,7,2,7,4,6,2,4,6,2,1,7,3,1,1.15,5.5,5.666666667,6.166666667,2.5,6,65.2
301,女性,20,安定,3,3,3,2,3,2,4,2,3,3,1,3,2,3,3,3,2,2,3,3,95,70,76,55,6,3,6,2,6,4,2,1,2,7,6,6,5,7,6,5,6,5,2,3,3,4,4,3,4,1,4,6,4,6,4,2.25,1.833333333,5.166666667,1.833333333,5.333333333,4.333333333,76
302,女性,20,安定,3,2,3,2,3,1,2,2,2,3,1,2,2,1,3,3,2,1,3,3,60,60,62,32,32,5,4,5,4,5,5,3,5,4,5,4,4,4,4,4,4,4,5,4,5,4,4,3,5,5,5,3,5,5,3,1.9,3.833333333,3.666666667,4.666666667,3.833333333,4.833333333,63.6
303,女性,20,安定,4,1,4,3,4,1,1,1,4,4,1,1,1,1,4,4,1,1,4,4,37,39,40,47,25,4,5,5,4,5,3,2,3,5,4,4,3,4,4,4,2,3,5,3,5,3,3,2,6,5,3,2,5,3,2,1.05,4,4.333333333,4.166666667,2.833333333,5.5,48.8
304,女性,20,安定,3,1,4,3,3,1,3,1,4,4,2,3,2,2,2,3,2,2,4,4,60,60,55,40,0,5,5,4,5,5,5,5,5,3,5,6,4,2,5,6,4,4,6,3,6,6,6,2,6,5,5,6,7,4,3,1.75,4.333333333,4.833333333,5.166666667,4.833333333,5.666666667,67
305,女性,20,安定,2,2,2,3,3,2,3,2,2,3,2,2,2,2,3,3,2,3,3,2,63,71,75,38,26,3,6,5,6,5,6,4,2,4,6,6,4,6,5,5,4,4,6,5,7,5,5,3,4,4,2,6,5,7,4,2.3,2.5,5.666666667,5.333333333,4.833333333,4.333333333,69
306,女性,20,安定,3,1,3,3,3,2,3,2,2,3,1,2,3,2,2,2,1,2,3,3,70,60,70,53,40,4,4,5,4,5,4,4,5,4,3,4,4,3,3,5,4,4,5,5,4,4,5,5,3,4,5,4,5,3,4,2.1,4.666666667,4,4.333333333,4,3.833333333,61.4
307,女性,20,安定,3,1,4,3,3,1,3,1,2,3,1,2,1,1,3,3,1,2,4,3,52,43,67,15,9,2,5,7,7,5,6,7,3,1,2,5,6,2,2,6,4,5,7,1,7,7,6,2,6,6,3,7,7,5,1,1.65,5,5.333333333,6.666666667,6,6.333333333,67.6
308,女性,21,安定,4,1,4,3,4,1,2,1,4,4,1,1,1,1,2,4,1,2,4,4,75,65,65,30,40,6,3,4,5,5,3,3,5,4,4,3,4,3,5,3,5,3,3,2,3,4,5,4,6,3,5,4,6,3,2,1.25,4.5,3.333333333,3.166666667,4.166666667,5.5,67
309,女性,20,アンビバレント,2,2,2,1,2,3,3,3,2,3,3,4,2,3,1,3,4,2,3,3,40,53,59,80,60,3,3,6,2,5,6,4,6,5,6,3,2,6,6,4,1,1,6,6,6,2,5,3,3,6,5,1,2,6,6,2.85,2.333333333,3.333333333,5.666666667,1.5,3.166666667,42.4
310,女性,20,安定,3,1,4,3,3,1,2,1,4,4,1,1,1,1,3,1,1,2,4,4,65,75,80,70,30,5,5,5,3,6,5,4,5,3,4,6,3,5,6,5,2,2,5,1,6,3,5,1,5,5,3,3,6,5,1,1.45,3.666666667,4.833333333,5,2.666666667,6.333333333,64
311,女性,20,安定,3,1,3,2,3,1,2,2,3,4,1,2,2,2,3,3,3,2,4,3,54,77,81,57,7,6,5,6,3,4,5,3,5,3,3,6,4,3,3,5,3,2,5,4,6,4,5,3,5,5,5,2,5,5,5,1.85,4.833333333,4.5,5,3,4.333333333,69.6
312,女性,21,回避,3,1,4,2,2,1,2,1,2,1,1,2,1,2,2,4,3,1,4,4,7,20,36,80,56,6,5,7,5,3,7,6,1,6,6,7,4,5,5,6,4,3,6,5,7,5,6,4,3,7,1,5,5,5,5,1.85,3.166666667,6.333333333,6.666666667,4.333333333,3.5,25.4
313,女性,20,回避,2,2,3,2,2,2,3,3,1,3,1,4,2,3,2,3,2,1,4,2,17,43,40,62,11,3,3,5,3,3,4,6,5,6,6,3,3,6,3,4,3,1,6,4,6,5,3,2,3,5,5,2,5,3,2,2.45,3.166666667,3.166666667,5.333333333,2.833333333,4.5,45.4
314,女性,20,安定,4,1,4,3,4,1,1,1,2,4,1,1,1,1,3,4,2,3,4,4,88,90,85,0,0,1,6,5,7,6,7,1,1,4,7,5,4,7,7,7,4,2,7,4,7,1,7,1,2,4,1,4,7,7,3,1.35,1.5,6.5,5.166666667,3.666666667,5.166666667,92.6
315,女性,20,安定,3,2,4,2,3,1,2,1,2,3,3,2,2,3,3,3,2,3,3,4,50,70,30,90,90,6,4,6,6,3,6,7,5,1,6,4,4,4,5,6,5,5,7,7,7,7,6,4,2,7,6,4,7,5,4,2.05,4.166666667,4.166666667,6.666666667,5.166666667,3.5,34
316,女性,20,回避,3,1,3,2,2,1,3,3,2,3,1,3,2,1,3,3,2,2,4,2,41,54,44,73,35,2,3,6,5,5,5,5,6,4,7,3,2,3,6,4,2,2,5,3,5,3,4,3,4,5,5,6,7,6,1,2.1,2.666666667,3.166666667,5.166666667,3.333333333,5.5,46.2
317,女性,20,安定,3,1,2,2,4,1,1,1,4,4,1,2,1,1,4,4,2,1,4,4,60,63,61,50,50,4,5,5,5,6,6,3,5,2,6,5,4,5,6,5,2,4,6,2,6,5,5,2,6,6,5,2,6,6,1,1.35,3.166666667,4.333333333,5.333333333,3.666666667,6.166666667,56.8
318,女性,20,安定,3,1,2,2,2,1,2,1,3,4,1,2,1,2,3,3,2,1,3,4,32,50,69,83,70,2,5,4,4,5,5,4,3,4,6,5,4,6,6,5,4,4,5,3,6,3,5,5,5,5,5,5,4,6,4,1.75,2.333333333,4.666666667,4.833333333,4,4.333333333,39.6
319,女性,20,安定,4,1,4,2,3,1,2,1,4,4,1,1,2,1,3,4,1,1,4,4,81,72,91,37,24,2,7,5,3,6,2,2,1,2,2,7,2,7,7,7,1,2,2,2,2,3,5,1,6,3,3,1,3,7,1,1.3,2.833333333,6.333333333,2.666666667,2,5.833333333,76.6
320,女性,21,安定,2,1,4,3,3,1,2,1,4,3,1,2,1,1,2,3,1,1,4,3,75,90,80,30,10,3,3,5,3,6,5,7,5,4,4,6,3,6,4,5,5,5,7,2,6,7,7,1,6,6,5,3,6,6,1,1.55,3.166666667,4.5,6,4.333333333,6.333333333,81
321,女性,20,回避,2,1,4,3,3,1,2,1,3,4,1,1,1,1,2,4,1,2,4,1,57,41,72,40,10,5,5,5,5,6,3,2,1,1,3,6,5,1,5,5,3,3,5,5,2,3,6,2,7,2,5,2,5,5,3,1.6,5,5.333333333,3.166666667,3.5,5.333333333,64
322,女性,20,安定,3,2,3,3,3,1,2,1,2,3,1,2,2,1,2,3,2,2,4,4,51,58,58,40,20,4,3,4,5,5,4,3,5,4,5,4,3,3,5,5,4,3,4,4,5,4,5,3,4,3,6,5,6,6,2,1.8,3.5,3.666666667,3.833333333,4,5,61.4
323,女性,20,アンビバレント,3,2,3,2,3,2,2,2,3,4,1,2,2,2,2,3,3,2,3,3,20,75,80,50,30,3,4,7,3,5,7,5,3,5,7,5,3,7,7,4,1,1,7,6,7,5,3,5,5,7,3,3,5,6,4,2.05,1.833333333,4.333333333,6.666666667,2.666666667,4,59
324,女性,20,安定,3,2,2,1,2,2,2,2,3,3,1,2,2,2,3,3,2,2,3,2,31,34,47,59,23,3,3,6,3,4,6,3,6,3,3,3,4,4,6,3,3,3,5,4,6,3,3,3,3,6,6,2,5,5,5,2.2,3.666666667,2.666666667,5.333333333,3,4,46
325,女性,20,安定,3,2,3,2,2,2,2,1,2,3,1,2,2,2,2,3,1,2,4,3,35,65,71,52,41,5,5,5,5,6,5,3,5,5,6,3,4,3,5,5,3,4,3,3,5,5,5,2,5,3,6,3,6,3,2,2,3.833333333,3.833333333,4,4,5.666666667,55.6
326,女性,20,回避,3,3,3,2,2,1,3,3,3,3,1,4,2,1,1,1,1,2,4,1,50,30,30,50,50,5,3,3,6,3,3,6,7,7,7,2,4,7,7,3,4,4,3,3,4,5,3,6,4,2,7,5,5,4,2,2.4,2.166666667,2.166666667,3.5,4.666666667,4.166666667,42
327,女性,20,アンビバレント,3,2,3,2,2,2,2,3,3,3,2,3,3,2,2,2,2,3,4,2,30,50,30,80,65,6,4,7,5,4,6,7,2,2,4,5,4,2,2,6,1,1,7,2,7,6,6,1,5,7,2,1,7,1,1,2.4,5.833333333,5.5,6.833333333,3,6,33
328,女性,20,アンビバレント,4,2,4,2,3,1,3,2,1,4,1,2,3,2,3,3,3,2,4,4,85,90,90,40,10,4,2,4,6,3,5,6,6,6,6,1,2,6,6,2,1,1,5,6,6,5,3,6,1,5,6,2,5,2,2,1.95,3,2,5.166666667,2.833333333,3.166666667,83
329,女性,20,回避,4,1,4,3,2,1,3,2,2,4,1,3,3,2,3,3,2,3,4,3,74,41,62,72,47,1,6,5,6,6,3,2,3,6,7,6,2,7,7,6,5,3,2,2,3,2,5,5,4,2,3,6,6,6,6,1.95,1.333333333,5.5,2.833333333,4,4.5,51.6
330,女性,20,安定,4,1,4,4,4,1,3,1,4,3,1,1,3,1,4,4,1,3,4,4,39,25,30,60,0,7,2,6,5,3,2,5,5,1,2,3,1,2,2,6,2,5,6,1,6,6,6,1,6,4,5,1,5,1,2,1.35,6.5,3.833333333,4.833333333,3.333333333,5.666666667,46.8
331,女性,20,安定,4,2,4,1,3,1,2,1,2,4,1,2,1,1,3,4,1,1,4,4,31,17,27,34,26,5,2,5,6,3,5,3,2,2,2,6,6,1,2,3,3,6,2,2,4,5,4,1,6,4,3,6,5,6,1,1.5,5.333333333,4.333333333,3.833333333,5.333333333,5.666666667,43
332,女性,20,安定,3,1,2,3,4,1,2,1,2,3,2,2,1,2,2,4,4,2,3,4,32,20,10,78,65,3,6,7,5,5,6,6,5,2,5,5,3,3,5,6,5,4,7,5,7,6,6,2,3,7,5,4,5,5,5,1.9,3.833333333,4.833333333,6.666666667,4.5,4.166666667,23.8
333,女性,20,安定,3,1,3,2,3,2,2,2,2,3,2,3,2,2,2,3,3,2,4,3,50,50,50,79,62,4,5,4,5,3,4,4,4,3,4,5,3,4,6,5,4,2,4,4,4,5,4,4,3,5,4,3,4,5,4,2.15,3.666666667,4.5,4.166666667,3.666666667,3.666666667,41.8
334,男性,20,安定,3,1,4,2,3,1,2,1,2,4,1,1,1,1,4,3,1,1,4,4,80,100,80,0,0,1,2,5,6,7,3,4,5,4,6,3,3,7,7,5,5,2,6,2,6,2,4,2,6,2,6,5,7,7,1,1.4,1.666666667,3.166666667,4.333333333,3.833333333,6.5,92
335,女性,20,アンビバレント,2,2,2,1,2,2,3,2,3,3,2,3,3,3,2,2,2,3,2,2,49,42,49,68,61,6,5,5,5,6,4,4,1,3,5,5,5,5,4,5,5,3,4,2,5,5,5,3,5,5,2,5,3,5,4,2.7,4,5.5,4.5,4.666666667,4.833333333,42.2
336,女性,20,安定,4,2,4,2,3,1,4,1,4,3,2,2,3,1,3,4,1,1,4,4,80,70,85,30,10,2,5,3,7,5,3,5,6,5,6,4,5,5,6,5,2,2,6,3,4,6,4,3,6,7,7,7,7,7,3,1.65,2.166666667,3.5,4.666666667,4.833333333,5.5,79
337,女性,20,回避,3,1,4,1,2,2,3,1,2,3,3,3,3,2,1,4,2,4,4,4,60,70,75,90,2,1,4,4,3,3,6,5,7,2,7,2,3,6,6,5,2,2,6,2,7,6,5,5,3,5,7,5,2,4,2,2.3,2.666666667,3,5.5,3.5,3.833333333,62.6
338,男性,20,安定,3,1,2,3,3,3,3,1,3,3,1,2,2,2,3,3,2,2,4,4,20,60,60,0,0,7,7,5,6,5,1,1,1,3,4,6,6,5,5,5,2,5,5,2,2,7,3,5,4,2,2,5,6,5,5,1.9,4.166666667,5.666666667,2.666666667,5.166666667,4.5,68
339,女性,20,安定,3,1,4,2,3,1,3,1,3,3,1,3,3,1,2,3,2,2,4,4,40,60,70,65,0,2,5,2,2,5,6,2,5,5,5,5,3,4,6,6,4,5,7,3,7,5,5,5,5,6,6,3,6,5,2,1.85,2.833333333,4.333333333,5,3.666666667,5,61
340,女性,20,安定,3,2,3,3,3,1,2,2,3,3,1,3,1,2,2,3,2,2,3,3,67,59,72,64,58,3,5,5,3,5,5,5,3,3,5,5,3,5,5,5,4,2,5,5,4,4,3,5,3,4,2,4,5,5,4,1.95,3.333333333,4.833333333,4.666666667,3.333333333,3.833333333,55.2
341,女性,20,安定,3,1,3,3,2,1,3,1,1,3,1,2,3,2,1,4,2,2,4,4,62,68,85,37,47,4,5,6,4,5,6,5,4,4,6,5,5,7,6,6,2,5,7,3,7,3,5,5,3,6,5,5,6,6,5,2,2.5,4.666666667,6.166666667,4,4.166666667,66.2
342,女性,20,アンビバレント,3,2,2,2,2,2,2,3,1,3,3,3,2,3,1,3,4,2,3,3,55,40,55,60,10,3,5,6,5,3,6,3,2,4,5,5,3,5,5,6,2,3,7,5,6,3,5,3,2,7,2,1,3,5,5,2.65,3.166666667,5.5,5.833333333,2.833333333,3.166666667,56
343,女性,22,回避,3,2,4,1,2,3,4,3,2,3,2,3,3,2,3,4,2,2,3,2,100,70,80,30,0,4,4,7,3,3,7,7,2,1,2,6,5,1,1,5,6,1,7,2,7,6,5,3,3,7,3,2,6,1,3,2.45,6.333333333,5.166666667,7,3.833333333,4.666666667,84
344,女性,20,安定,3,2,4,3,3,1,2,1,4,4,2,3,2,2,2,4,3,2,4,4,72,71,100,0,0,3,5,1,4,5,3,2,2,1,5,7,5,6,3,6,4,2,2,1,5,3,5,1,5,2,2,6,5,6,2,1.75,3.666666667,5.833333333,2.5,4,5.833333333,88.6
345,女性,20,安定,4,1,4,3,3,1,2,2,3,4,1,2,1,1,3,3,2,1,4,3,40,45,45,60,20,6,5,6,6,3,6,5,4,3,3,5,4,3,4,5,3,2,6,4,6,5,5,3,3,6,3,2,5,4,4,1.5,4.833333333,4.833333333,5.833333333,3.666666667,4,50
346,女性,20,安定,4,1,3,3,3,1,2,2,3,4,1,3,1,2,3,4,1,2,4,4,60,85,70,20,40,6,4,5,5,6,5,4,5,2,6,6,5,4,5,5,5,5,5,3,5,6,6,5,6,4,3,5,6,6,3,1.55,3.833333333,4.833333333,4.666666667,5.166666667,5.166666667,71
347,男性,21,安定,4,1,4,3,3,1,2,1,2,4,1,3,1,1,4,3,1,2,4,4,80,90,100,70,0,5,6,7,3,6,5,3,5,2,6,6,3,5,5,6,2,3,5,3,6,6,6,3,3,2,3,3,5,3,3,1.45,4,5.333333333,4.666666667,3.333333333,4.833333333,80
348,男性,20,安定,4,1,4,4,2,1,3,1,4,4,1,2,2,1,4,3,2,2,4,3,60,80,80,30,10,3,4,2,5,6,2,2,6,2,2,4,5,4,5,3,2,5,1,2,2,5,3,2,6,2,6,3,4,6,2,1.5,4,3,1.833333333,4.166666667,5.666666667,76
349,女性,23,安定,3,4,4,2,2,2,2,1,2,4,2,2,2,4,3,4,3,1,4,3,78,33,55,80,51,5,5,6,6,4,6,5,6,5,3,6,4,3,2,5,6,4,5,6,5,5,5,3,3,6,2,4,3,4,5,2.1,4.666666667,4.833333333,5.5,4.833333333,3.333333333,47
350,女性,20,安定,4,1,4,3,4,1,3,1,2,4,1,1,1,1,3,4,2,1,4,4,89,71,96,21,8,3,6,7,5,5,6,7,2,5,6,7,4,6,5,7,4,2,7,2,7,3,6,1,3,7,3,4,5,6,5,1.35,2.5,6.166666667,6.833333333,3.666666667,4.833333333,85.4
351,女性,20,回避,1,3,3,1,1,4,3,2,1,3,1,4,3,3,2,2,1,3,1,2,56,55,56,80,39,3,6,2,7,6,1,4,2,7,7,7,1,6,6,5,1,1,3,3,5,5,5,7,1,2,3,5,1,5,6,3,2,5.666666667,2.833333333,3.333333333,2.666666667,49.6
352,女性,20,アンビバレント,1,1,2,2,2,2,2,1,1,4,2,3,3,2,2,2,3,2,3,4,0,0,0,100,10,1,1,7,1,4,7,6,7,7,7,1,1,7,7,1,1,1,7,7,7,1,1,4,2,7,7,4,2,7,4,2.4,1,1,6.833333333,1.5,2.833333333,18
353,女性,20,安定,3,2,2,2,3,2,2,2,2,3,2,2,2,2,1,3,3,2,3,3,55,43,46,40,23,3,5,6,7,5,5,5,6,3,6,5,4,5,6,4,5,3,5,5,6,3,5,5,3,5,6,3,5,6,3,2.3,2.833333333,3.833333333,5.333333333,4.166666667,4,56.2
354,男性,20,回避,4,1,4,2,4,1,1,1,1,4,1,1,1,1,2,4,1,1,4,1,88,73,77,28,20,3,6,5,3,4,6,6,3,4,7,4,3,3,5,3,2,2,5,4,5,1,2,3,5,5,3,1,5,5,2,1.5,3.166666667,4.166666667,5.333333333,2,4.833333333,78
355,女性,20,回避,3,1,2,3,3,1,3,1,2,4,1,3,2,4,3,3,1,1,4,4,90,100,100,80,20,1,7,2,7,7,2,1,6,5,7,7,7,7,7,7,7,7,2,2,1,6,7,2,6,4,7,7,7,7,1,1.85,1.333333333,5.166666667,2,6.833333333,6.5,78
356,女性,20,アンビバレント,2,3,1,1,2,3,3,3,2,2,2,3,3,4,1,2,4,3,2,1,36,29,40,75,51,5,4,7,2,2,6,5,4,5,6,4,3,2,2,3,5,2,7,5,7,5,4,5,2,7,5,4,3,2,6,3.25,4.666666667,3.666666667,6.5,3.5,2.5,35.8
357,女性,20,アンビバレント,3,3,3,2,2,2,3,2,2,3,2,3,2,3,2,2,3,2,3,2,57,74,70,52,19,3,5,6,3,2,5,5,3,4,6,6,2,5,5,5,3,3,6,5,6,2,5,7,2,4,3,3,3,5,6,2.55,3,5.166666667,5.333333333,2.666666667,2.166666667,66
358,女性,20,回避,3,3,3,2,2,3,4,3,2,3,3,3,3,3,2,3,2,2,3,3,31,30,41,74,51,3,3,6,5,6,5,7,6,6,7,6,4,7,7,6,4,3,7,3,7,4,6,2,5,7,6,4,6,6,5,2.65,1.666666667,4.166666667,6.5,4,5.166666667,35.4
359,女性,20,回避,3,1,2,2,2,1,3,2,3,3,1,3,3,3,3,2,4,3,4,3,40,40,100,62,50,1,3,6,6,3,5,6,2,3,6,4,5,6,5,4,2,2,6,7,7,3,5,5,3,6,1,3,5,7,2,2.35,2.333333333,4.833333333,6,3.5,3.5,53.6
360,女性,20,回避,1,4,1,1,2,3,3,2,1,4,2,4,3,4,2,1,2,3,4,2,21,28,61,99,72,1,1,7,1,2,5,7,6,1,7,2,1,7,7,3,5,1,7,7,3,6,6,6,1,7,5,2,6,7,2,3.05,2,2.833333333,6,2.666666667,3,27.8
361,女性,20,回避,2,2,2,1,2,2,3,4,1,2,1,3,2,2,2,2,3,3,3,2,69,31,51,53,41,6,4,5,2,2,6,5,5,2,5,3,3,3,4,3,2,2,6,6,6,3,4,6,1,6,6,5,3,2,6,2.8,5,3.166666667,5.666666667,2.833333333,2,51.4
362,男性,20,回避,3,2,1,2,1,2,2,3,1,3,2,4,3,3,2,2,3,2,3,3,43,41,49,75,54,3,5,5,5,3,5,6,3,5,7,5,2,5,6,4,5,3,6,3,4,5,5,4,3,5,3,6,5,7,2,2.75,2.166666667,4.833333333,5.166666667,4.333333333,4.333333333,40.8
363,男性,20,アンビバレント,3,1,4,2,3,1,2,1,2,3,1,3,1,2,3,2,2,2,3,3,40,40,60,60,20,5,4,5,3,2,3,6,2,3,4,4,2,2,3,5,3,2,6,5,7,5,4,3,6,6,3,3,5,3,5,1.9,5,4.666666667,5.5,3,4,52
364,男性,22,回避,2,3,4,2,3,2,4,1,1,4,1,3,2,3,1,4,4,2,4,4,61,35,61,80,31,1,6,6,6,1,5,6,3,5,6,6,2,7,6,7,1,2,7,6,7,7,6,5,1,7,6,2,4,7,6,2.3,1.666666667,5.333333333,6.333333333,3.333333333,2.166666667,49.2
365,女性,20,回避,3,1,4,2,2,1,2,1,3,4,1,3,1,3,3,4,2,1,4,4,50,61,77,16,0,3,4,5,6,4,4,6,4,4,5,5,2,1,4,6,4,2,6,3,7,4,6,4,3,6,6,1,1,4,2,1.65,4.166666667,4.5,5.666666667,3.166666667,3.833333333,74.4
366,女性,20,回避,2,3,2,1,1,1,3,1,2,3,1,2,4,3,4,1,3,3,3,3,28,31,31,94,35,1,3,6,3,5,6,5,6,6,6,3,3,2,6,1,3,2,6,2,7,6,2,2,2,5,6,3,2,7,5,2.6,2.333333333,2.166666667,5.833333333,3.333333333,4,32.2
367,女性,20,安定,3,3,3,2,3,2,3,2,2,3,2,2,2,2,2,3,2,2,3,3,90,80,80,60,40,5,5,5,5,3,5,5,3,3,5,5,5,3,3,5,5,5,5,5,6,5,5,5,3,6,5,5,3,5,5,2.25,4.333333333,4.666666667,5.333333333,5,3,70
368,男性,20,回避,2,4,2,1,2,2,3,3,2,3,2,3,3,3,2,2,4,2,2,2,40,30,40,90,60,5,4,6,3,3,6,6,3,4,5,5,3,3,3,4,3,3,7,5,6,4,5,5,3,6,3,2,4,3,5,2.95,4.5,4.666666667,6.166666667,3,3.166666667,32
369,女性,20,安定,4,2,3,2,4,1,2,1,2,3,1,3,2,1,4,3,1,2,4,4,65,80,84,51,40,5,5,5,5,4,5,6,2,1,4,6,4,2,3,6,3,3,5,3,7,5,6,1,6,4,2,4,6,4,4,1.65,5.166666667,5.833333333,5.333333333,4,5.333333333,67.6
370,女性,22,アンビバレント,3,2,3,2,2,4,4,2,3,4,4,3,4,3,2,4,1,3,2,1,86,77,92,23,51,6,5,5,7,6,3,4,7,2,5,2,5,6,5,3,5,2,6,4,7,2,2,1,7,6,7,6,5,5,1,2.7,3.833333333,2.333333333,5.166666667,4.5,6,76.2
371,女性,20,回避,2,1,1,2,3,1,1,2,2,2,1,1,1,1,2,3,2,1,3,1,61,69,84,0,0,3,4,5,4,3,5,1,1,1,3,4,4,4,4,4,4,2,4,3,5,5,2,5,4,5,6,4,5,1,3,2.05,5,3.833333333,4.166666667,3.833333333,4.166666667,82.8
372,男性,20,回避,2,2,4,2,2,1,4,1,2,4,1,3,1,1,1,3,1,1,3,3,21,37,42,82,0,3,3,5,2,3,6,5,2,3,5,4,4,1,4,5,1,1,5,2,7,3,4,6,5,5,6,3,6,5,3,2,4.166666667,4,5.5,2.333333333,4.5,43.6
373,女性,20,回避,3,2,2,2,2,2,2,2,1,3,1,3,2,2,2,2,2,2,3,2,63,54,66,11,6,3,5,5,3,5,4,4,3,5,4,5,4,5,4,5,2,2,6,2,6,4,5,2,3,6,5,2,4,5,3,2.4,3.333333333,4.666666667,5.166666667,2.833333333,4.833333333,73.2
374,男性,20,安定,3,1,3,3,2,1,3,2,3,3,1,2,2,2,4,3,2,2,4,2,100,100,100,1,0,5,4,3,6,5,4,5,3,4,5,6,5,5,5,6,4,5,4,4,4,4,5,4,5,4,3,5,6,4,5,1.9,3.666666667,5.166666667,4,4.833333333,4.5,99.8
375,女性,20,安定,3,2,3,2,3,2,2,2,2,3,2,3,2,3,2,3,2,2,3,3,50,50,50,50,50,3,3,6,3,4,5,4,5,4,7,4,4,4,5,4,2,3,7,5,5,4,4,5,3,6,6,3,5,4,4,2.25,3.166666667,3.333333333,5.5,3.166666667,3.666666667,50
376,女性,20,回避,2,3,2,2,2,3,3,1,3,2,2,3,3,2,2,2,1,2,3,3,44,35,47,67,23,7,2,5,3,4,4,6,2,2,4,2,2,1,3,5,2,2,6,4,6,3,4,4,3,6,2,3,1,3,5,2.5,5.666666667,4.166666667,5.5,2.5,3.166666667,47.2
377,男性,20,安定,2,1,1,2,3,2,2,2,2,3,2,2,2,2,3,2,2,2,3,3,60,60,70,40,40,2,4,4,6,4,6,4,5,4,4,5,4,2,5,4,4,2,5,4,6,3,5,4,5,5,5,4,6,5,4,2.25,3.666666667,4,5,3.833333333,4.5,62
378,女性,21,回避,2,3,2,1,2,3,2,1,2,4,2,3,3,3,1,2,4,2,4,2,60,65,65,70,55,2,3,7,6,2,7,7,5,7,7,5,2,7,7,5,5,3,7,7,6,3,4,6,2,7,3,3,5,5,5,2.7,1.5,4.166666667,6.833333333,3.666666667,2.5,53
379,女性,20,安定,3,1,2,3,3,1,2,1,2,4,1,2,2,1,1,4,2,1,4,4,100,76,100,54,30,7,6,6,6,3,5,5,2,1,3,6,4,3,2,5,2,3,6,3,6,4,5,2,3,5,1,2,5,5,4,1.7,5.5,5.833333333,5.5,3.5,4.333333333,78.4
380,女性,20,安定,3,1,3,2,3,1,2,1,2,3,1,1,1,2,3,3,1,1,3,3,77,70,67,25,15,2,5,5,3,4,5,3,2,3,4,5,3,5,5,5,3,3,4,3,4,5,5,3,4,5,4,2,5,5,3,1.7,3.333333333,5,4.333333333,3.166666667,4.666666667,74.8
381,男性,21,安定,3,1,4,4,2,2,2,2,3,4,3,3,2,2,3,3,3,1,3,3,66,79,85,44,7,3,4,5,4,5,6,5,4,4,6,5,4,5,4,5,4,3,5,3,6,5,5,5,5,5,5,4,6,5,5,1.95,3.166666667,4.333333333,5.333333333,4,4.5,75.8
382,女性,20,安定,3,2,3,2,3,1,2,2,1,4,2,2,2,2,3,4,3,2,3,4,56,71,82,69,27,2,5,5,5,5,6,4,1,4,6,5,4,5,6,5,2,2,5,5,5,5,4,3,5,6,4,4,6,6,3,2,2.5,5,5.166666667,3.666666667,4.833333333,62.6
383,女性,20,回避,2,2,2,2,3,2,3,2,1,2,2,3,3,3,3,2,3,3,3,3,43,32,58,72,69,4,3,7,4,3,7,5,6,4,6,4,4,5,5,4,3,2,7,7,7,2,3,4,1,7,7,4,4,5,4,2.65,3.166666667,2.833333333,6.666666667,3.166666667,2.833333333,38.4
384,男性,20,回避,3,1,3,1,3,1,1,1,2,3,1,3,1,3,3,3,3,3,3,4,63,72,71,22,30,5,6,5,5,3,6,2,1,3,6,6,5,2,6,2,2,2,6,2,6,6,6,5,2,6,5,5,2,2,6,2,4.333333333,5,5.166666667,4.166666667,3,70.8
385,男性,20,アンビバレント,1,1,1,2,3,3,4,2,3,2,3,3,4,3,2,1,2,3,4,2,29,31,42,82,98,4,5,7,7,5,7,7,2,6,6,3,2,6,6,6,5,7,7,7,7,5,7,6,5,7,5,3,3,5,5,2.85,2.5,5,7,4.833333333,3.166666667,24.4
386,男性,20,安定,3,1,4,3,4,1,2,1,2,4,2,3,1,1,4,4,1,1,4,4,70,50,70,60,30,7,6,5,6,6,5,5,5,3,2,7,6,5,5,5,6,5,5,4,7,6,6,5,6,5,5,6,6,2,5,1.4,5,5,5.333333333,5.833333333,4.666666667,60
387,男性,20,安定,3,1,3,2,3,1,2,1,3,3,1,2,1,1,3,3,1,2,4,3,85,85,99,0,0,2,6,2,6,6,2,2,3,2,1,5,4,2,5,6,5,4,2,2,2,5,7,2,5,2,5,4,6,2,2,1.65,5,5.333333333,2,4.666666667,5.833333333,93.8
388,女性,20,回避,3,1,4,3,2,1,2,1,2,4,1,2,2,2,4,4,3,2,3,4,79,46,55,64,24,5,6,6,5,3,7,7,3,3,5,6,3,6,6,6,3,2,7,6,7,4,5,5,3,6,6,2,3,6,6,1.7,3.166666667,5,6.666666667,3.166666667,2.666666667,58.4
389,男性,22,安定,3,2,3,3,1,1,4,1,1,4,1,3,1,3,1,3,4,1,3,4,61,32,35,92,81,1,6,5,5,5,5,2,2,3,7,7,5,6,6,6,2,2,6,5,6,6,7,2,2,6,6,5,6,7,5,2.25,2,5.666666667,5,4.166666667,4.166666667,31
390,男性,20,回避,2,3,2,1,3,1,3,1,4,3,3,4,3,4,4,2,3,4,4,4,30,29,55,18,69,4,4,7,4,4,7,4,3,4,4,7,3,5,5,7,3,5,7,5,7,7,7,5,7,7,3,4,4,5,6,2.5,3.5,5.833333333,6.5,4.333333333,3.833333333,45.4
391,男性,20,回避,3,1,3,2,2,2,3,3,1,3,1,3,2,3,3,2,2,3,3,2,20,33,32,58,0,6,4,2,4,1,2,2,2,4,4,4,2,3,3,2,5,3,3,4,1,5,3,4,3,2,4,5,1,2,5,2.45,5,3.833333333,2,4,2.666666667,45.4
392,女性,21,安定,4,1,4,3,3,1,3,1,2,4,1,2,3,1,3,4,1,2,4,3,80,80,80,30,40,5,5,5,5,6,6,6,5,6,2,5,4,3,3,7,1,2,7,2,7,4,6,1,3,6,6,1,7,5,2,1.6,4.333333333,4.666666667,6.166666667,2.833333333,5.833333333,74
393,男性,20,アンビバレント,3,1,3,3,3,1,3,2,3,3,1,3,3,2,3,3,2,3,3,3,33,45,74,42,29,4,2,4,2,3,3,3,2,3,4,4,3,2,3,4,5,5,2,3,3,4,3,4,4,4,1,4,5,3,4,2.05,4.833333333,4.333333333,3.166666667,3.833333333,4.166666667,56.2
394,男性,20,安定,4,1,4,3,3,1,2,1,4,3,1,1,2,1,2,2,1,2,4,4,77,75,53,35,20,1,6,5,5,6,2,4,2,3,5,5,4,6,5,5,2,4,3,2,6,7,6,5,5,2,4,2,6,7,2,1.5,2.5,5.333333333,3.666666667,4,5.333333333,70
395,女性,20,安定,3,1,3,2,2,1,2,2,4,3,1,2,2,1,3,3,1,2,4,3,52,53,52,30,1,5,4,3,3,6,2,2,1,2,2,4,3,1,5,5,2,2,1,1,2,4,4,1,6,2,1,2,5,1,1,1.75,5.666666667,5.166666667,2,2.666666667,6.333333333,65.2
396,女性,20,安定,3,2,3,2,2,1,2,1,3,4,1,2,2,1,3,3,2,2,3,3,44,72,59,41,25,3,5,6,3,4,4,3,2,3,3,4,4,3,3,6,3,3,5,3,6,5,6,2,4,4,2,2,5,4,3,1.85,4.5,5.5,4.666666667,3.333333333,4.833333333,61.8
397,女性,20,回避,2,2,2,2,3,2,3,3,2,2,2,3,3,3,3,2,3,2,3,2,51,40,43,71,61,3,4,6,3,5,6,5,5,3,5,4,4,5,5,5,4,4,6,5,6,4,5,6,5,6,4,3,5,6,6,2.65,3.166666667,4.166666667,5.833333333,3.666666667,3.666666667,40.4
398,女性,20,安定,4,1,4,3,3,1,2,1,2,4,1,1,2,1,3,4,2,2,4,4,91,61,89,30,19,2,5,3,3,6,5,2,2,3,5,6,3,6,6,5,2,2,5,3,5,5,5,3,3,2,2,4,4,6,3,1.45,2.666666667,5.5,3.666666667,3.166666667,4.666666667,78.4
399,女性,20,安定,3,1,3,3,2,1,2,2,3,3,1,2,2,2,2,2,2,2,3,3,50,58,50,30,20,6,3,5,3,3,5,5,5,4,3,4,4,3,3,4,3,4,5,3,5,5,4,3,3,5,5,3,3,4,5,2,4.833333333,3.5,5,3.666666667,3.666666667,61.6
400,女性,20,アンビバレント,3,3,3,1,2,1,3,2,2,3,1,3,3,2,3,2,3,3,3,2,53,41,71,71,72,5,3,7,4,3,5,3,6,3,5,3,5,5,6,4,5,5,7,5,6,3,3,5,3,6,5,5,3,5,5,2.5,3.5,3,5.666666667,4.5,3,44.4
401,男性,20,安定,3,1,3,3,2,3,2,1,3,3,1,1,1,1,3,3,1,2,3,3,100,71,87,25,37,5,5,4,6,6,4,5,6,5,6,6,6,6,6,6,2,4,3,6,4,6,4,6,6,5,6,6,6,6,3,1.75,2.666666667,4.166666667,4.166666667,5,4.5,79.2
402,男性,20,アンビバレント,3,2,3,4,2,2,3,1,2,3,2,4,2,2,2,4,3,2,3,3,80,70,70,40,30,6,6,6,5,3,7,4,1,4,4,7,4,2,2,5,4,5,7,5,7,7,6,1,1,7,3,4,5,4,7,2.2,5,6,6.333333333,4.833333333,3.333333333,70
403,女性,20,安定,4,1,4,3,3,1,2,1,2,3,1,1,1,1,4,3,1,2,4,3,86,96,92,6,19,2,6,5,2,6,6,1,3,3,5,6,2,5,5,6,2,2,5,1,5,3,6,1,6,5,1,1,5,6,1,1.45,3,6,4.5,2,6.333333333,89.8
404,男性,20,回避,3,2,3,2,2,2,3,2,2,3,1,2,3,2,3,2,2,2,3,2,46,81,80,37,55,2,4,4,3,4,7,4,4,4,6,6,4,6,6,4,2,4,6,4,6,5,5,3,4,4,4,5,5,6,4,2.3,2.333333333,4.5,5.166666667,3.833333333,4.333333333,63
405,男性,20,回避,3,1,3,3,2,1,3,1,2,4,1,2,2,2,3,3,2,3,4,3,40,60,51,10,0,5,4,5,3,4,4,5,5,2,3,5,3,2,2,4,3,4,6,4,6,5,5,2,3,6,6,3,5,2,2,1.9,5.666666667,3.833333333,5.333333333,3.5,4.666666667,68.2
406,女性,20,安定,3,1,3,2,3,2,2,3,3,2,1,3,3,3,2,2,1,2,4,2,45,60,53,0,30,3,5,2,3,5,2,4,1,5,6,5,4,6,7,4,2,4,1,5,1,2,4,4,5,1,2,5,4,7,6,2.25,2,5.166666667,1.833333333,3.333333333,3.833333333,65.6
407,男性,20,アンビバレント,3,2,3,2,4,2,2,1,4,3,2,2,2,2,2,2,2,2,4,3,85,100,85,35,10,3,6,6,4,4,6,6,3,3,6,6,4,3,6,5,5,3,6,5,7,4,5,5,4,5,2,5,5,7,6,1.95,3,5.5,6,4.166666667,3.5,85
408,男性,20,安定,1,4,1,1,2,4,3,4,4,1,4,3,4,3,1,1,4,1,1,1,10,80,90,10,20,2,5,6,5,5,2,6,5,2,3,6,6,6,6,6,6,6,7,3,7,6,2,2,5,7,5,5,5,6,2,3.5,3.166666667,4.166666667,5.833333333,5.666666667,5.333333333,70
409,女性,20,安定,3,1,2,3,3,2,2,2,4,2,1,1,1,1,2,2,1,2,4,3,34,86,86,63,4,2,5,6,4,6,4,5,2,3,2,5,3,5,5,6,4,2,6,1,6,4,6,1,7,5,3,5,7,4,1,1.8,3.833333333,5.5,5.333333333,3.666666667,6.833333333,67.8
410,男性,20,安定,3,1,2,3,3,1,2,1,3,3,1,1,2,1,3,3,2,1,4,3,74,71,81,34,17,2,4,7,3,5,4,5,2,2,4,6,7,3,5,7,7,7,6,2,7,4,6,2,4,6,3,3,6,5,2,1.65,3.833333333,5.666666667,5.833333333,5.166666667,5.5,75
411,女性,20,安定,4,1,4,3,3,1,2,1,3,4,2,2,1,2,3,3,2,2,4,3,75,70,70,40,20,6,6,5,5,5,3,5,2,2,3,5,5,1,5,5,5,5,5,3,5,7,6,2,6,5,2,5,6,3,2,1.6,5.333333333,5.666666667,4.666666667,5.333333333,5.666666667,71
412,女性,20,安定,3,1,4,3,4,1,2,1,3,4,1,1,1,1,3,4,1,2,4,4,92,92,90,10,10,3,4,4,4,5,3,3,4,4,6,4,4,6,5,5,4,4,3,3,3,4,5,3,4,4,4,4,5,4,3,1.3,3,4.333333333,3.333333333,4,4.833333333,90.8
413,女性,20,回避,3,2,2,2,3,2,2,2,2,3,2,3,3,2,2,2,3,2,3,3,68,59,65,46,39,4,3,3,2,5,5,4,5,4,3,3,2,5,5,5,5,2,5,3,5,2,4,5,2,6,5,2,3,5,5,2.4,3.666666667,3.5,4.666666667,2.5,3.5,61.4
414,男性,20,安定,3,1,4,3,3,1,1,1,4,4,1,1,1,1,4,3,1,1,4,4,86,95,86,6,10,6,6,5,6,6,6,2,5,1,5,2,4,2,5,6,5,5,7,1,6,6,5,5,6,6,5,7,5,4,3,1.2,4.833333333,4.166666667,5.333333333,5.5,5.333333333,90.2
415,女性,20,安定,3,1,4,3,3,1,2,1,2,4,1,2,1,1,3,4,1,2,4,4,76,59,77,50,10,3,5,3,5,5,6,6,3,3,5,6,6,5,5,6,3,5,6,5,5,3,5,3,3,6,3,4,3,4,5,1.45,3.5,5.333333333,5.333333333,4.333333333,3.666666667,70.4
416,女性,20,回避,3,1,4,3,3,1,3,2,3,4,1,3,3,2,2,2,3,2,4,3,15,39,52,76,32,5,3,7,5,2,7,6,6,4,5,3,3,3,4,3,4,2,7,5,7,2,3,7,3,3,6,4,5,2,3,2,4.5,2.666666667,6.166666667,3.333333333,3.166666667,39.6
417,男性,20,回避,2,2,3,2,2,3,3,2,2,3,3,3,2,3,2,2,3,3,3,3,40,48,28,53,10,4,3,5,5,4,5,5,4,3,4,5,4,5,4,5,4,3,2,5,4,5,5,4,4,4,5,3,4,2,4,2.65,4.333333333,4.166666667,4.166666667,4,3.833333333,50.6
418,女性,20,安定,4,1,4,3,3,1,2,1,4,4,1,1,1,1,3,4,2,1,4,4,70,79,91,25,20,4,5,7,6,6,6,2,2,2,2,6,5,2,2,6,5,4,5,2,7,6,5,2,5,5,2,5,6,3,4,1.25,5.5,5.666666667,5.333333333,5.166666667,5.5,79
419,女性,20,安定,3,1,3,4,4,1,2,1,3,4,1,2,2,2,3,4,2,2,4,4,63,67,92,73,38,4,7,5,5,6,5,5,2,3,5,6,3,3,5,6,5,3,6,4,7,6,6,3,4,5,2,2,5,6,3,1.5,3.666666667,6.166666667,5.5,4,4.833333333,62.2
420,女性,20,回避,3,2,4,3,3,1,2,1,2,4,1,2,2,2,3,4,3,2,4,3,52,71,58,29,5,2,5,3,2,5,3,2,3,3,6,5,4,6,6,5,3,2,3,3,5,6,5,5,4,2,5,2,5,6,5,1.75,2.5,4.666666667,3,3.166666667,4.166666667,69.4
421,女性,21,回避,3,2,4,4,2,1,4,1,4,4,1,3,2,3,4,4,1,3,4,4,64,65,73,36,35,6,5,6,5,6,3,3,2,3,4,6,6,3,5,6,3,3,3,3,5,6,6,5,2,3,2,5,5,2,6,1.7,4.833333333,5.833333333,3.833333333,4.666666667,3.833333333,66.2
422,女性,20,安定,4,2,4,4,3,1,2,1,4,4,1,2,1,1,4,4,2,2,4,4,65,88,82,57,24,4,6,5,6,5,6,5,2,2,3,6,5,5,4,6,6,4,6,3,6,6,6,1,6,6,2,6,5,3,2,1.3,4.5,6,5.666666667,5.5,5.666666667,70.8
423,女性,20,安定,3,2,4,4,3,1,2,2,2,3,1,2,2,2,3,4,2,2,3,4,80,80,85,20,10,3,6,5,5,3,4,6,3,2,4,6,3,3,5,5,4,4,5,3,5,5,6,3,3,6,4,4,3,5,5,1.75,4,5.333333333,5.166666667,4.166666667,3.666666667,83
424,女性,20,安定,3,1,2,3,3,1,2,1,4,4,2,2,2,2,2,4,2,3,4,3,88,69,82,51,20,5,5,5,5,4,5,5,2,4,3,5,4,3,3,5,4,4,5,3,6,4,5,4,4,5,2,4,4,4,4,1.8,4.666666667,5.333333333,5.166666667,4.166666667,4.166666667,73.6
425,女性,20,安定,3,1,4,3,4,1,2,1,3,4,1,2,1,1,4,4,1,2,4,4,72,53,93,64,2,3,3,6,5,7,7,6,5,4,6,4,4,7,7,5,4,5,7,2,6,4,5,5,7,5,5,4,7,7,1,1.3,2,3.833333333,6.166666667,4.333333333,6.166666667,70.4
426,女性,20,安定,2,1,4,3,4,1,3,1,4,4,1,1,1,1,2,4,1,2,4,4,45,90,71,76,59,5,7,7,3,6,7,6,1,1,4,7,4,2,5,7,2,2,6,1,7,5,5,1,6,6,1,3,7,6,1,1.4,4.5,6.666666667,6.5,3.166666667,6.666666667,54.2
427,男性,20,安定,3,1,3,2,3,1,2,1,2,2,1,1,3,1,1,4,1,2,3,2,80,71,78,8,15,3,6,2,1,4,3,5,2,2,5,5,5,2,5,5,2,1,5,2,5,5,4,5,3,4,2,2,5,7,2,1.95,3.666666667,5.333333333,4,2.666666667,4.5,81.2
428,男性,21,安定,2,2,2,2,3,1,2,2,2,3,2,2,2,3,3,2,2,1,3,3,70,60,60,39,30,3,5,3,2,4,5,5,3,5,5,5,3,5,5,5,3,3,6,5,6,3,4,4,3,5,3,3,3,6,3,2.2,2.833333333,4.833333333,5,2.833333333,3.666666667,64.2
429,女性,21,アンビバレント,3,3,3,2,2,1,2,2,2,3,1,3,1,1,2,4,2,2,4,2,61,53,47,56,19,6,7,3,5,2,6,4,3,2,2,6,4,3,2,6,5,4,7,3,4,6,6,3,3,5,1,4,1,3,5,2.05,5.666666667,6.166666667,4.833333333,4.666666667,3.166666667,57.2
430,男性,20,回避,3,2,3,3,3,1,3,2,2,3,2,2,2,2,2,3,2,3,3,3,90,70,100,20,0,2,5,4,5,4,4,4,2,4,5,5,4,6,5,5,4,3,5,4,6,5,5,5,3,3,2,4,4,7,4,2.15,2.5,5.333333333,4.333333333,4.166666667,3.666666667,88
431,女性,20,回避,4,2,4,1,3,1,2,1,2,4,2,2,2,2,4,1,3,2,4,3,52,53,72,6,1,2,5,5,5,5,5,3,2,5,5,5,5,3,5,5,5,3,6,3,5,3,3,3,2,6,2,5,3,5,3,1.95,3.166666667,5,5,4.333333333,4.166666667,74
432,女性,20,安定,3,1,4,2,3,1,3,1,4,4,1,4,1,2,4,4,1,2,4,4,80,80,90,70,0,6,5,6,5,2,5,6,3,1,3,5,4,3,1,5,4,4,7,1,7,6,5,3,5,6,4,4,5,2,2,1.55,6,4.833333333,6.166666667,4.5,5,76
433,女性,20,回避,4,1,4,4,3,1,1,2,3,4,1,2,2,1,3,3,1,2,4,4,71,84,85,28,79,5,3,5,6,5,5,4,7,5,5,3,5,6,5,5,6,5,7,6,6,6,5,3,7,4,6,6,7,3,2,1.4,3.5,3.166666667,5.166666667,5.666666667,5.333333333,66.6
434,男性,20,安定,2,3,2,2,2,3,1,3,3,2,3,3,2,3,2,2,3,3,2,1,91,87,91,49,49,4,5,4,5,4,4,4,4,4,4,4,4,4,4,4,4,4,5,4,5,4,5,4,4,5,4,4,4,4,4,2.85,4,4.333333333,4.5,4.166666667,4,74.2
435,男性,21,安定,1,2,3,3,2,1,2,2,1,2,4,3,4,3,2,2,2,3,3,2,57,73,73,100,16,3,5,6,5,3,4,5,5,4,4,4,2,6,4,3,4,5,3,5,5,3,4,3,4,4,5,3,6,4,5,2.75,3.5,3.666666667,4.5,3.666666667,4,57.4
436,女性,20,アンビバレント,3,1,3,3,3,2,3,2,3,4,3,2,2,2,3,4,3,2,4,4,86,60,94,75,5,1,5,5,5,6,5,5,1,2,5,6,5,5,5,6,4,5,5,3,5,5,6,2,5,5,3,5,6,6,3,1.9,3,5.833333333,5,4.833333333,5.5,72
437,男性,22,安定,2,3,4,3,3,1,3,1,2,3,2,3,1,2,3,4,2,3,3,4,40,35,60,65,60,3,5,5,5,3,5,4,3,4,5,5,4,6,6,4,3,4,6,2,6,5,4,3,3,5,3,6,4,2,4,2,3.333333333,4.666666667,5.166666667,4.5,4.166666667,42
438,男性,20,安定,1,4,1,2,2,4,2,4,2,1,4,1,4,2,2,1,3,3,1,1,85,95,90,45,50,4,7,5,5,6,4,4,1,4,6,6,4,4,5,7,5,4,5,2,5,4,7,3,6,4,1,5,6,6,3,3.35,3.166666667,6.833333333,4.5,4.5,5.666666667,75
439,男性,24,安定,3,1,3,3,2,1,2,1,3,4,1,2,2,2,3,3,3,2,4,4,80,70,70,50,30,7,6,6,5,7,4,7,5,4,4,6,4,4,4,6,6,5,6,4,7,6,6,4,6,5,5,5,5,4,4,1.75,4.5,5,5.833333333,5.166666667,5,68
440,女性,20,安定,3,2,4,4,4,1,2,1,4,4,1,1,1,1,4,4,1,1,4,4,82,86,82,9,13,5,4,6,3,6,4,6,3,4,6,6,5,6,5,5,4,3,6,3,2,6,2,2,6,3,4,5,6,6,3,1.15,3,4.333333333,4.5,4.333333333,5.666666667,85.6
441,女性,20,回避,2,3,2,2,2,1,2,4,2,2,1,3,3,3,2,1,4,3,3,3,21,59,25,90,42,3,5,7,3,3,7,7,7,7,7,5,5,7,5,4,4,2,7,5,7,5,5,5,2,7,5,3,4,4,5,2.8,2.166666667,3.833333333,7,3.666666667,3,34.6
442,女性,20,アンビバレント,3,2,3,3,2,2,3,2,3,4,2,1,2,2,3,2,2,2,4,4,36,51,45,70,45,4,4,5,4,4,4,4,4,4,3,3,4,4,4,3,3,4,4,5,4,3,4,4,4,4,3,4,4,4,4,1.95,4.166666667,3.833333333,4.166666667,3.666666667,3.833333333,43.4
443,女性,20,安定,4,1,4,4,3,1,4,1,3,4,1,1,1,1,4,4,1,1,4,4,100,100,100,0,0,1,7,3,7,7,3,1,3,3,3,7,5,5,6,7,6,5,5,1,5,5,7,1,7,3,5,5,7,7,1,1.25,2.833333333,6,3.333333333,5.5,7,100
444,女性,20,安定,4,2,3,3,3,2,2,1,3,3,1,2,1,2,3,4,2,2,3,3,67,85,87,31,6,6,5,5,6,3,6,5,5,5,5,6,4,6,5,5,5,4,7,5,7,5,5,4,4,6,5,5,7,1,5,1.75,4,4.5,6,4.833333333,4,80.4
445,男性,20,アンビバレント,2,1,2,4,2,1,2,1,2,4,1,2,3,2,4,1,3,2,4,4,39,11,67,76,74,5,4,4,4,4,5,4,3,3,4,3,6,6,4,4,3,7,1,2,4,5,5,7,5,3,4,4,7,3,3,1.95,4.166666667,4.166666667,3.5,4.833333333,4.666666667,33.4
446,男性,21,アンビバレント,3,3,2,2,2,2,3,2,1,3,2,2,3,3,2,3,4,2,2,4,30,0,30,90,0,1,2,6,2,1,6,6,6,5,7,3,2,6,6,2,3,4,7,7,7,3,2,6,1,7,6,3,2,6,7,2.6,1.833333333,2.166666667,6.5,2.833333333,1.333333333,34
447,女性,20,安定,4,2,3,3,4,1,2,1,4,4,1,1,2,1,4,4,2,1,4,4,74,100,89,29,3,5,7,4,3,6,3,6,2,1,2,6,4,5,4,7,4,4,7,2,4,4,6,1,7,5,1,6,6,4,2,1.3,4.833333333,6.5,4.833333333,4.166666667,6.333333333,86.2
448,女性,20,安定,3,1,3,3,3,1,2,1,3,4,1,2,2,2,3,4,2,2,3,4,40,60,51,71,30,5,6,5,5,6,5,5,5,4,3,6,4,4,5,5,3,3,6,2,6,6,6,5,5,4,4,3,7,4,3,1.65,4.166666667,5,5.166666667,4,5.333333333,50
449,女性,20,回避,4,1,4,4,3,1,3,1,2,4,1,4,1,1,3,4,1,1,4,4,64,80,65,80,0,6,5,3,4,6,5,6,3,4,6,4,6,6,6,6,7,4,5,4,4,6,5,3,5,5,4,5,6,7,4,1.45,2.833333333,4.833333333,4.666666667,5.333333333,5,65.8
450,女性,29,安定,4,1,3,2,3,1,3,2,2,4,2,2,1,1,3,3,2,2,4,3,40,60,60,15,20,5,5,3,4,4,4,4,2,3,4,5,5,4,3,6,3,4,3,5,4,5,5,2,5,4,3,4,5,5,3,1.8,4.333333333,5.333333333,3.666666667,4.166666667,4.666666667,65
451,女性,20,安定,3,1,4,2,2,1,4,1,3,4,1,2,1,2,2,3,2,3,4,3,0,0,100,100,0,3,5,5,7,5,5,5,3,4,6,7,5,6,6,6,2,2,5,4,5,5,7,2,5,5,4,6,6,4,4,1.9,2.833333333,5.666666667,5,4.5,5,40
