ID,性別,年齢,愛着スタイル,孤独感1,孤独感2,孤独感3,孤独感4,孤独感5,孤独感6,孤独感7,孤独感8,孤独感9,孤独感10,孤独感11,孤独感12,孤独感13,孤独感14,孤独感15,孤独感16,孤独感17,孤独感18,孤独感19,孤独感20,主観的幸福感1,主観的幸福感2,主観的幸福感3,主観的幸福感4,主観的幸福感5,BigFive1,BigFive2,BigFive3,BigFive4,BigFive5,BigFive6,BigFive7,BigFive8,BigFive9,BigFive10,BigFive11,BigFive12,BigFive13,BigFive14,BigFive15,BigFive16,BigFive17,BigFive18,BigFive19,BigFive20,BigFive21,BigFive22,BigFive23,BigFive24,BigFive25,BigFive26,BigFive27,BigFive28,BigFive29,BigFive30
1,女性,22,回避,2,3,2,3,2,2,3,2,1,3,2,2,3,2,3,2,3,3,3,3,22,35,28,55,7,5,4,3,4,2,6,5,2,3,6,4,4,5,5,4,5,4,4,5,3,5,3,6,2,5,6,5,2,6,5
2,女性,20,回避,2,2,3,1,1,2,4,2,2,2,2,2,2,3,1,2,4,3,2,2,60,61,51,30,19,1,2,2,2,2,5,1,3,6,7,1,1,7,7,2,1,1,5,7,3,1,1,5,1,3,4,2,1,7,7
3,男性,20,回避,3,3,3,2,2,1,3,2,3,3,2,2,2,3,2,2,2,4,3,3,65,80,71,64,32,5,5,2,5,5,3,2,2,6,6,5,3,6,5,4,4,6,2,5,3,5,3,5,2,3,5,5,2,5,6
4,女性,20,安定,4,1,4,4,4,1,1,1,4,4,1,1,1,2,1,4,1,1,4,4,100,100,100,31,61,7,6,7,2,7,7,6,3,3,3,7,6,2,5,7,2,2,7,2,6,7,6,1,7,6,3,3,7,5,1
5,女性,21,アンビバレント,2,2,3,3,3,2,3,2,1,3,2,2,3,3,2,3,2,3,4,3,77,79,70,51,39,4,6,5,6,3,5,4,2,6,6,5,6,6,5,5,6,5,5,4,5,4,5,3,1,5,5,6,3,4,5
6,女性,20,安定,3,2,3,2,2,2,2,2,1,3,1,3,2,2,3,4,2,2,3,3,50,40,35,72,60,3,6,3,5,2,3,6,2,7,6,5,3,7,6,4,5,4,6,3,5,6,3,3,2,5,2,4,5,6,5
7,女性,20,安定,3,1,3,3,2,1,3,1,3,4,1,2,2,2,3,3,1,2,3,3,30,60,65,90,40,5,6,5,7,3,5,6,4,5,5,3,5,5,5,6,4,4,7,1,6,3,7,2,4,6,5,5,5,5,3
8,男性,20,安定,3,1,4,3,3,1,2,1,4,4,1,2,1,2,3,3,1,2,4,4,82,85,92,4,10,5,6,3,5,6,4,5,4,2,1,5,5,2,2,6,4,4,5,1,3,6,5,1,6,3,3,3,6,3,2
9,男性,20,回避,3,1,4,2,3,1,3,1,2,3,1,3,1,2,2,3,3,2,3,3,57,68,57,60,8,2,3,5,4,4,5,6,3,1,5,5,4,1,2,4,2,3,5,5,5,5,3,5,3,6,2,4,3,5,5
10,女性,20,安定,3,1,3,3,3,1,2,1,3,4,1,2,2,1,3,4,1,1,4,4,75,90,90,0,0,4,6,3,4,6,4,2,1,1,3,6,5,2,2,6,4,3,5,1,6,5,6,2,5,6,1,4,7,2,3
11,男性,20,回避,3,2,2,2,3,3,2,2,2,2,2,3,3,3,2,2,2,2,2,3,30,36,41,70,56,2,3,7,3,2,6,7,5,4,5,3,2,6,4,3,1,2,7,6,7,2,3,6,2,6,5,3,4,4,5
12,男性,20,安定,3,1,4,3,3,1,3,1,4,4,1,2,1,2,4,4,1,2,4,4,89,88,72,39,30,5,6,6,3,7,2,6,2,2,3,6,6,7,7,6,3,3,3,2,6,6,6,3,7,3,2,3,7,6,1
13,女性,20,回避,2,3,2,1,2,2,3,1,1,3,2,4,3,3,1,2,3,3,2,3,61,45,76,61,72,5,3,7,5,4,7,7,6,5,2,4,3,3,3,4,6,2,7,6,7,7,4,5,1,7,7,4,3,2,3
14,女性,20,安定,3,1,4,3,3,1,2,1,4,4,1,2,1,2,4,4,2,1,4,4,35,43,43,68,61,4,6,6,3,6,5,3,3,1,3,7,4,5,4,5,4,4,5,1,5,5,6,3,6,5,1,3,7,6,1
15,女性,21,アンビバレント,3,1,3,3,2,1,3,1,2,3,1,3,2,2,2,2,2,3,4,3,50,51,51,60,20,4,4,6,4,5,6,5,4,1,5,5,3,2,4,4,4,4,6,4,6,4,5,3,4,6,4,4,6,6,3
16,男性,21,回避,3,2,2,2,3,2,2,2,1,3,3,2,2,2,2,3,2,2,3,3,28,52,64,72,51,4,2,5,6,3,5,5,4,6,6,3,4,6,5,4,4,3,6,6,5,4,5,6,2,6,6,4,6,6,4
17,女性,21,安定,3,1,3,3,3,1,4,1,3,4,1,2,1,2,4,3,3,2,4,4,74,84,80,45,11,3,5,5,4,5,3,3,3,4,3,5,4,5,4,5,3,3,5,3,5,5,5,3,4,4,3,4,5,5,3
18,女性,20,安定,3,1,4,2,2,1,3,1,3,4,2,2,1,1,4,4,2,1,4,4,60,60,80,30,0,6,5,7,5,6,5,3,6,5,5,5,6,6,5,5,5,3,5,3,5,4,4,2,5,5,6,5,6,5,3
19,女性,20,安定,3,1,4,4,3,1,2,1,2,4,1,4,3,2,3,4,3,1,4,4,75,75,76,30,5,6,6,6,2,5,6,6,1,3,2,6,3,3,6,6,4,2,6,5,5,6,5,5,1,5,2,2,5,4,5
20,女性,20,回避,3,1,3,3,3,2,3,1,3,4,1,2,2,2,1,4,1,2,4,4,68,64,60,66,29,5,6,6,5,6,5,7,5,2,5,5,2,2,3,6,4,4,5,2,6,6,5,1,6,5,3,2,7,3,1
21,女性,20,回避,2,2,2,3,2,1,2,1,1,4,1,3,3,3,2,4,3,3,3,4,11,41,26,72,58,3,3,5,3,4,7,4,4,7,6,5,4,1,5,3,5,3,6,6,7,4,3,1,3,6,1,2,3,3,5
22,女性,20,安定,4,3,4,2,2,1,1,1,1,4,1,1,1,1,4,4,1,1,4,4,51,51,80,10,0,4,4,3,4,2,3,5,2,4,7,4,4,7,7,4,4,4,5,5,5,4,4,5,2,5,5,5,3,7,5
23,女性,20,回避,2,1,2,2,2,2,4,3,4,3,3,3,3,3,2,2,3,3,3,2,39,45,61,42,43,3,2,7,6,3,5,4,6,3,6,2,3,5,6,3,5,4,7,5,7,5,2,7,2,6,5,6,3,7,6
24,女性,20,安定,4,1,4,4,3,1,2,1,1,4,2,3,1,2,4,4,2,4,4,4,94,90,92,21,8,2,7,5,6,7,7,2,6,7,7,7,2,6,7,7,2,2,7,2,7,6,6,2,5,7,2,6,6,7,1
25,女性,20,安定,3,1,3,2,3,1,4,1,3,3,2,2,2,2,3,4,3,1,4,4,27,35,71,61,57,6,4,7,3,5,7,5,2,2,6,6,5,5,5,6,4,2,6,2,6,5,5,3,6,7,6,5,6,5,2
26,女性,20,安定,3,1,3,3,3,1,1,1,4,4,1,2,1,2,3,4,1,1,4,4,82,82,94,9,9,5,6,6,5,6,3,3,5,4,6,5,2,6,6,5,3,5,6,2,7,3,5,3,6,6,5,3,5,6,3
27,男性,21,安定,3,1,3,3,2,1,3,2,2,4,1,2,1,3,2,3,1,2,3,3,60,70,70,20,10,3,4,5,4,4,5,7,3,4,6,5,4,6,6,4,4,4,7,2,5,6,5,6,1,5,6,4,7,5,5
28,女性,20,安定,4,1,1,3,4,1,1,1,4,4,1,1,1,1,2,4,1,1,4,4,96,100,89,1,0,5,2,3,4,6,3,2,2,2,2,4,5,3,4,5,4,4,5,2,6,4,5,1,5,4,1,2,5,2,2
29,女性,20,安定,4,1,4,3,4,1,1,1,4,4,1,1,1,2,4,4,2,1,4,4,82,84,84,23,9,2,6,5,6,6,5,2,2,2,5,6,3,6,6,6,4,2,2,4,2,4,6,2,3,2,3,3,6,6,2
30,女性,20,安定,3,2,3,3,3,1,3,2,3,3,1,2,2,2,3,3,1,2,3,3,62,65,77,40,19,5,4,5,5,5,3,3,5,3,3,5,5,4,3,4,4,5,3,2,5,4,3,3,4,3,5,5,5,4,3
31,男性,20,安定,3,1,3,2,2,1,2,1,2,3,1,1,2,1,3,3,2,2,3,3,30,40,30,40,0,4,4,6,3,3,6,6,1,2,3,4,3,5,5,4,1,2,6,4,7,5,4,4,3,5,5,3,5,3,4
32,男性,21,安定,3,1,3,3,4,1,2,1,2,4,1,2,2,1,3,4,2,2,4,4,86,85,82,15,3,2,5,5,2,4,6,5,1,3,6,6,3,6,6,5,2,2,4,4,5,4,5,3,4,5,1,2,5,6,5
33,女性,21,回避,3,1,2,3,4,2,2,2,2,4,1,2,2,3,2,3,3,2,3,3,40,48,48,80,40,3,5,6,6,3,6,5,5,6,7,5,2,6,6,5,3,3,6,5,7,6,5,3,3,6,5,5,5,5,5
34,女性,20,安定,3,1,4,3,3,1,2,1,3,4,1,2,2,1,3,3,3,2,4,4,60,85,70,50,30,6,6,7,2,6,7,6,2,5,3,7,4,1,1,6,2,1,7,5,7,5,6,2,3,7,2,2,3,3,3
35,女性,20,安定,3,2,3,3,3,1,2,2,3,4,1,2,2,1,3,3,2,2,3,4,69,47,53,72,40,4,6,6,5,5,6,5,2,4,5,6,4,5,6,6,3,3,6,3,6,6,6,4,5,6,3,3,4,6,3
36,男性,20,アンビバレント,3,2,3,3,3,1,3,2,3,4,1,1,2,2,3,3,3,2,4,3,83,86,73,33,16,6,5,6,4,5,5,6,5,3,3,5,5,3,5,5,5,4,6,3,6,4,5,4,5,6,4,4,4,3,4
37,女性,20,アンビバレント,3,1,4,2,2,1,3,1,2,4,2,3,2,2,3,3,2,4,4,3,57,69,69,76,90,2,6,7,5,2,7,7,2,1,7,6,1,5,5,6,1,1,7,5,7,5,6,2,6,7,1,5,7,4,1
38,女性,20,安定,4,1,4,2,3,1,1,1,4,4,1,3,1,2,1,4,1,1,4,4,88,79,83,60,60,3,4,5,3,5,3,2,3,3,4,5,3,6,6,6,1,2,5,2,5,3,6,3,5,5,3,5,6,7,2
39,女性,20,安定,4,1,4,3,3,1,3,1,2,4,1,2,1,1,3,4,2,2,4,4,50,67,50,70,32,2,5,7,2,3,7,7,5,6,5,5,3,6,4,6,2,1,7,5,7,1,5,3,3,7,5,5,4,2,5
40,女性,20,安定,2,1,3,1,1,1,3,1,1,3,1,2,1,1,2,3,2,3,3,3,40,40,39,70,61,2,5,3,6,5,5,4,2,5,5,5,4,6,6,4,4,3,3,3,2,4,5,3,3,5,2,5,6,6,2
41,女性,20,回避,3,1,2,2,2,2,3,3,2,3,2,3,3,2,2,2,3,2,3,2,50,36,85,15,9,2,3,6,2,3,6,5,3,4,5,5,4,2,6,5,2,3,5,7,3,6,2,4,2,5,3,2,4,6,6
42,女性,20,アンビバレント,4,1,4,2,3,1,2,1,2,4,1,3,1,1,4,3,1,3,4,4,60,73,83,32,64,3,3,7,5,5,6,3,3,3,7,5,2,6,6,5,5,2,7,2,5,2,6,1,3,7,3,2,6,6,1
43,女性,20,アンビバレント,2,2,2,2,2,2,3,2,2,3,1,2,2,3,2,2,3,3,3,3,41,35,40,70,62,3,3,7,5,3,7,7,7,4,7,5,3,5,6,3,3,2,7,5,6,3,3,7,4,7,7,2,5,5,5
44,男性,20,安定,3,1,3,3,3,1,3,1,2,4,1,2,1,1,3,3,2,3,4,3,89,88,81,37,22,7,3,7,3,5,6,5,7,3,5,5,3,4,7,6,3,3,6,5,6,6,5,6,3,6,6,2,5,4,6
45,女性,20,安定,3,1,4,3,3,1,1,1,2,4,1,2,1,1,2,4,2,1,4,4,85,75,79,8,0,5,4,4,2,6,3,2,6,2,3,2,3,2,3,5,2,2,2,1,4,5,5,4,5,2,5,3,7,2,1
46,女性,20,安定,3,1,4,3,1,1,4,1,2,4,1,2,1,4,3,1,2,2,4,4,100,100,100,100,0,4,6,2,6,3,2,2,1,5,7,6,5,7,5,5,6,5,3,5,2,4,5,7,5,2,3,6,1,5,6
47,女性,20,安定,3,1,4,3,4,1,3,1,1,4,1,1,1,1,2,4,2,1,4,4,60,70,80,80,54,5,4,6,6,4,6,6,5,5,2,6,4,5,3,6,5,4,6,1,6,6,7,2,2,5,3,6,6,2,4
48,女性,20,安定,3,2,2,2,3,2,2,2,2,2,2,2,2,2,3,3,3,2,3,3,24,29,46,42,8,3,3,3,4,4,5,3,5,5,5,3,4,5,5,3,2,2,4,3,4,4,3,5,4,3,5,3,5,5,4
49,女性,20,回避,3,1,3,3,2,2,3,1,1,3,1,3,2,2,3,3,3,3,4,3,65,60,60,75,60,5,5,5,5,3,5,5,5,3,6,5,5,3,3,5,1,2,6,5,5,4,5,3,3,5,5,2,5,3,5
50,男性,20,アンビバレント,3,1,4,2,2,1,2,1,3,4,2,2,2,2,4,4,4,3,4,4,61,71,60,93,30,6,5,7,3,3,7,7,4,2,3,7,2,1,2,6,5,5,7,5,7,3,6,3,3,7,3,2,3,5,6
51,男性,21,安定,3,2,3,2,2,2,2,3,2,3,2,2,2,1,3,3,3,2,3,2,55,55,60,55,50,6,3,5,6,5,6,6,3,2,5,4,5,5,4,5,6,6,5,5,5,6,3,6,2,6,4,6,5,5,6
52,女性,20,回避,4,1,3,2,4,1,4,2,4,4,1,1,1,1,2,3,1,3,4,4,29,30,23,72,9,7,3,3,5,6,3,6,7,1,4,4,5,5,5,5,4,4,7,1,4,5,6,6,7,4,7,5,7,4,1
53,女性,21,回避,3,1,3,3,2,1,3,1,2,3,1,2,3,2,4,2,4,2,3,3,25,60,30,40,42,7,4,7,6,3,7,7,5,4,4,3,3,5,3,4,5,6,7,5,7,6,6,5,1,7,7,6,2,1,5
54,女性,20,安定,3,2,3,3,3,1,2,1,3,4,2,2,2,2,2,3,2,2,4,4,71,81,70,39,0,6,5,6,3,4,5,6,4,4,4,5,3,3,5,5,4,2,6,3,7,3,4,4,4,6,7,3,6,4,3
55,女性,20,安定,3,1,3,2,2,1,2,3,3,3,1,1,2,1,2,3,1,1,4,3,62,62,56,61,18,2,3,5,4,6,6,4,3,3,4,5,4,3,3,5,3,3,6,1,6,5,5,3,5,6,5,3,7,4,1
56,女性,20,安定,3,1,3,3,3,1,2,1,2,4,1,3,2,2,1,2,1,3,3,3,55,70,60,5,15,5,3,6,7,5,6,5,7,4,6,3,5,5,6,5,4,4,7,5,7,5,5,3,6,7,7,5,6,5,1
57,女性,20,安定,4,1,4,3,4,1,3,1,2,4,2,1,1,1,3,4,3,1,4,4,62,81,74,30,0,5,7,2,3,5,2,3,2,3,5,6,3,6,5,7,3,2,6,3,6,3,7,2,3,1,1,3,4,5,5
58,女性,20,安定,4,1,4,3,2,1,3,1,2,4,1,1,1,1,3,3,1,1,4,4,75,52,80,45,20,5,3,5,4,5,5,5,4,1,5,4,4,2,2,4,4,2,5,1,5,5,4,3,4,5,5,3,5,2,1
59,女性,21,回避,2,3,2,1,2,3,3,1,2,3,2,3,3,3,2,2,3,2,3,3,60,50,50,30,21,5,6,6,2,2,6,6,1,3,5,6,2,3,5,5,3,3,6,5,7,5,5,5,2,5,1,2,2,3,6
60,女性,20,安定,4,1,4,3,4,1,2,1,4,4,1,1,1,1,4,4,1,1,4,4,74,66,72,30,0,3,6,2,3,7,2,2,2,1,5,7,3,5,5,6,2,2,2,2,4,5,6,1,7,2,1,3,6,5,2
61,男性,20,安定,3,2,2,2,2,2,2,2,2,3,3,3,3,3,2,2,3,2,3,2,64,56,62,44,14,2,5,6,5,4,3,5,5,5,6,5,3,6,4,5,2,1,5,3,5,5,4,4,2,5,4,1,5,5,4
62,男性,20,アンビバレント,3,1,2,1,2,2,4,1,4,4,1,2,3,3,3,2,3,3,4,3,10,60,50,60,0,2,2,6,6,5,6,6,5,3,6,3,2,7,6,2,1,1,6,6,6,3,3,6,4,7,3,5,7,6,4
63,男性,20,安定,2,1,4,2,3,1,3,1,2,3,1,1,1,1,3,3,3,3,3,4,70,60,90,30,20,6,6,2,5,6,4,5,1,5,4,7,2,4,6,7,4,2,5,4,7,4,6,6,5,2,1,3,7,2,5
64,男性,20,安定,3,2,2,1,2,1,4,3,1,4,2,3,2,2,2,4,2,2,3,4,80,80,95,30,0,2,6,5,2,6,5,6,1,2,6,7,5,6,6,6,1,5,6,3,6,6,6,3,5,2,1,2,6,7,2
65,男性,20,アンビバレント,3,2,2,2,2,2,3,1,1,4,1,2,2,1,1,2,4,4,4,4,5,10,25,91,65,3,3,6,5,3,7,6,2,4,6,6,2,3,6,5,1,1,7,5,7,4,5,5,2,7,5,3,2,6,3
66,女性,20,安定,3,1,4,3,3,1,3,2,2,4,1,3,2,2,3,2,2,2,4,4,45,45,50,60,30,3,4,5,6,5,5,6,5,3,5,5,5,5,5,5,4,3,5,3,5,6,5,3,6,5,5,5,6,3,3
67,女性,20,安定,4,1,4,3,3,1,2,1,2,4,1,2,2,1,2,4,3,2,3,4,49,41,47,30,0,5,3,7,3,5,7,5,6,2,5,3,3,3,6,6,2,3,7,5,7,5,5,5,3,7,5,2,6,2,2
68,女性,25,アンビバレント,2,2,3,1,2,2,2,2,1,3,2,3,2,3,2,1,2,2,3,3,40,60,60,45,20,3,3,5,6,3,4,4,6,5,5,2,2,6,5,5,2,4,6,5,5,3,4,3,4,5,5,5,3,5,4
69,女性,20,アンビバレント,2,2,3,1,2,2,3,2,2,3,2,3,3,3,2,3,4,3,2,3,19,18,20,12,28,4,3,6,7,1,7,4,4,4,7,5,1,5,4,4,4,1,7,7,5,2,4,5,1,7,4,6,1,6,5
70,女性,21,安定,3,1,4,2,2,1,3,2,3,4,1,2,1,1,4,3,1,4,4,4,39,51,80,30,60,5,7,2,5,5,3,5,2,5,5,6,3,6,5,6,2,3,3,2,5,3,7,2,5,3,2,3,5,3,3
71,女性,20,安定,4,1,4,2,3,1,2,2,2,4,1,1,1,2,4,4,2,1,4,4,63,89,71,53,2,2,5,4,6,6,3,3,3,2,6,5,3,7,6,5,2,4,3,2,3,5,5,2,3,5,3,2,7,6,2
72,男性,20,安定,4,1,4,2,4,1,2,1,4,4,1,1,1,1,1,3,1,1,4,4,62,83,82,20,0,3,6,3,5,7,5,5,1,2,5,7,6,3,3,5,4,5,5,2,3,5,6,3,6,3,1,3,5,6,2
73,女性,20,安定,4,1,4,3,4,1,2,1,3,4,1,2,1,1,4,4,1,1,4,4,65,90,90,30,0,6,4,3,5,5,3,4,3,3,3,4,4,5,3,5,4,4,3,2,6,4,4,2,4,4,4,3,7,6,2
74,女性,20,安定,3,1,4,3,2,1,2,1,2,3,1,3,1,2,2,4,3,2,3,4,60,60,70,40,20,4,3,5,2,5,6,5,5,2,2,5,5,2,3,6,2,2,6,3,5,4,6,3,4,6,4,2,4,5,5
75,女性,21,安定,4,1,4,2,1,1,3,1,3,4,1,2,1,1,3,4,1,2,4,4,80,100,100,0,0,2,5,7,5,2,6,7,1,1,1,6,4,1,1,6,5,2,6,2,6,7,6,2,3,7,1,3,7,1,2
76,女性,20,安定,3,1,4,3,3,1,3,2,4,4,2,3,2,2,3,4,2,2,4,4,37,46,53,58,11,6,3,5,6,3,5,7,3,5,5,5,3,5,2,5,3,4,7,4,5,5,5,2,3,6,2,5,5,2,3
77,男性,21,回避,3,2,3,2,3,1,2,2,3,3,1,2,2,2,1,3,4,3,3,2,30,60,30,60,0,5,6,5,5,2,5,3,3,4,6,6,4,5,6,6,2,2,3,2,3,5,6,5,3,3,3,5,5,6,6
78,男性,20,安定,4,1,4,3,3,1,1,1,4,4,1,1,1,1,3,4,2,2,4,4,84,94,100,20,0,4,6,2,4,5,4,4,3,2,3,6,4,2,3,3,3,4,2,4,2,5,5,3,5,4,2,2,6,6,5
79,男性,20,回避,3,2,3,2,2,2,2,2,2,3,2,2,2,2,3,3,3,2,4,3,43,65,65,60,30,2,4,5,3,3,5,4,2,5,5,4,2,5,5,4,2,2,5,4,5,3,4,4,3,5,2,2,2,5,4
80,男性,21,安定,4,2,3,3,3,1,2,1,1,4,1,1,2,2,3,3,2,1,4,3,62,61,71,31,32,3,4,3,3,3,5,4,3,5,5,5,4,5,4,4,3,4,5,5,5,3,4,3,2,4,3,2,2,5,6
81,女性,21,安定,4,1,4,4,3,1,2,1,3,4,1,1,1,1,4,4,2,2,4,4,100,100,100,0,0,5,3,5,4,5,5,4,3,3,3,5,4,3,3,4,4,4,5,3,5,4,5,5,4,4,3,4,6,3,5
82,男性,36,安定,4,1,4,3,4,1,2,1,2,4,1,1,1,1,4,4,1,2,4,4,80,81,80,30,30,2,6,2,6,6,6,2,2,2,6,7,6,5,6,6,5,5,5,1,5,4,6,2,6,2,2,6,7,6,2
83,男性,21,安定,3,1,4,3,3,1,2,1,4,4,1,2,1,2,3,4,3,2,4,4,70,80,70,50,50,5,5,4,5,5,5,5,4,4,4,5,5,3,4,5,4,5,5,4,5,3,5,3,5,4,4,5,5,5,3
84,女性,20,回避,3,1,4,2,3,1,3,1,2,3,1,3,2,2,3,3,2,3,4,3,53,62,63,43,19,4,3,4,6,5,5,3,6,3,6,5,5,6,6,5,5,5,5,4,3,6,2,6,3,5,6,5,6,6,3
85,男性,20,回避,3,2,4,2,2,1,3,3,1,3,1,3,2,2,2,2,3,4,4,2,65,82,100,50,0,3,4,4,5,6,6,3,5,4,7,7,4,5,6,5,2,1,4,5,4,6,3,7,1,5,2,6,1,7,7
86,男性,23,アンビバレント,3,2,2,3,2,1,3,1,4,3,3,3,1,3,4,3,4,2,4,3,15,65,50,65,65,3,5,6,4,5,5,6,5,7,5,5,5,6,6,6,5,4,6,4,5,6,6,2,3,6,4,3,5,5,3
87,男性,20,アンビバレント,2,4,2,1,2,2,4,2,2,3,2,4,4,4,3,2,2,3,3,3,82,15,15,82,100,5,5,7,7,3,6,7,7,5,5,5,4,3,5,1,2,2,7,5,7,7,4,5,3,7,7,7,5,6,3
88,男性,20,回避,2,3,3,1,1,2,2,3,1,2,2,4,3,2,2,2,3,2,4,2,65,50,50,32,15,5,4,6,7,5,5,5,5,3,5,4,5,4,4,5,5,4,6,4,7,3,4,3,2,5,4,5,5,6,4
89,男性,20,安定,3,1,3,2,2,1,3,1,1,3,1,2,1,1,2,3,3,2,4,4,50,50,65,50,50,6,4,5,2,2,5,6,3,4,5,5,4,3,6,4,4,3,6,4,5,3,3,5,2,6,2,3,2,3,5
90,男性,19,回避,3,2,2,2,2,1,4,1,4,3,2,3,1,2,2,3,2,2,4,3,0,32,0,50,32,3,4,5,7,5,5,3,6,4,4,5,4,6,6,4,4,4,5,3,6,6,4,3,4,5,7,4,5,4,3
91,男性,19,回避,2,2,2,2,2,2,2,2,3,2,2,2,2,2,2,2,2,2,3,3,15,32,15,65,82,3,2,5,5,3,5,5,5,5,5,3,3,5,5,3,3,3,5,5,5,5,3,5,3,5,5,5,5,5,5
92,男性,19,安定,3,2,3,2,2,2,2,2,3,3,1,2,2,2,3,3,2,2,3,3,15,65,65,82,65,5,5,5,5,6,6,6,3,6,4,6,5,6,7,6,5,5,6,3,7,5,5,2,5,5,2,5,3,5,2
93,女性,19,安定,3,1,3,3,3,1,2,1,2,3,2,2,1,2,3,3,2,2,3,3,50,50,65,65,15,4,6,6,6,5,5,5,3,5,5,6,3,5,5,6,3,3,6,5,6,4,6,3,3,6,2,4,4,3,3
94,女性,19,回避,3,3,2,2,3,2,2,1,1,4,2,2,2,2,2,3,3,2,4,4,15,65,50,82,82,3,5,5,6,5,6,5,5,4,5,5,4,4,5,6,3,4,7,5,5,5,5,3,3,5,5,5,6,5,6
95,女性,20,回避,4,1,4,2,1,1,4,2,1,4,1,3,2,2,4,1,1,3,4,3,65,50,65,65,65,1,1,5,7,5,5,1,7,7,5,2,5,5,5,5,6,5,5,5,5,6,3,2,6,5,7,7,3,6,3
96,女性,19,安定,3,1,3,2,2,1,3,1,2,3,1,3,2,2,3,4,1,2,3,3,50,32,50,15,0,2,4,7,5,4,6,6,5,3,2,5,3,2,1,5,5,3,6,3,6,4,5,2,3,5,2,2,3,4,3
97,女性,19,安定,4,1,1,3,3,2,3,1,4,4,1,2,1,2,4,4,2,2,4,4,65,65,65,50,32,5,5,6,4,5,6,5,3,3,3,5,5,3,3,5,3,3,6,3,6,4,4,5,5,6,3,3,6,5,3
98,女性,20,アンビバレント,3,2,2,2,2,1,2,2,2,3,2,2,2,2,2,3,2,2,3,3,65,65,65,50,32,4,4,5,5,4,3,3,3,3,3,5,4,4,5,5,4,4,4,5,5,4,5,4,4,4,4,4,4,5,4
99,女性,20,安定,3,2,3,2,2,2,2,2,3,3,2,3,2,2,2,2,3,3,3,3,15,65,15,82,32,5,1,5,3,2,6,5,5,5,3,3,5,5,5,5,3,3,5,5,5,3,5,3,3,5,6,3,5,5,3
100,男性,20,安定,3,3,4,1,3,1,3,1,3,3,2,3,3,3,2,4,2,4,3,3,15,65,32,32,65,1,2,6,5,4,5,4,4,6,5,6,3,5,6,5,1,1,7,5,6,4,5,4,3,6,4,5,4,6,4
101,男性,19,アンビバレント,3,2,2,2,2,1,2,1,1,3,2,3,1,1,2,4,2,1,4,4,65,82,65,50,15,6,5,6,5,2,5,6,3,4,6,6,5,5,2,4,1,4,7,6,6,6,6,5,1,6,3,2,2,5,7
102,女性,21,安定,3,1,3,3,3,1,4,1,3,3,1,2,2,2,3,3,2,2,3,3,65,65,82,50,32,4,5,3,5,5,2,4,3,4,6,5,5,6,6,4,5,5,3,3,3,4,5,3,4,3,3,5,4,6,3
103,女性,21,回避,1,3,2,1,3,3,2,3,1,2,2,4,3,4,2,2,4,3,3,2,0,32,15,100,82,2,6,6,4,2,7,5,3,6,7,6,3,7,5,7,5,2,7,7,3,4,6,5,1,6,1,5,2,7,6
104,男性,19,安定,4,1,4,3,3,1,2,1,2,3,1,2,2,2,3,3,2,1,4,4,65,82,65,32,32,6,6,3,5,6,3,5,2,2,2,5,5,1,3,6,5,3,2,2,5,6,6,3,5,2,1,3,6,3,2
105,男性,23,安定,3,2,4,3,2,1,3,1,2,4,1,2,1,2,2,3,1,2,4,3,65,65,82,50,32,6,6,5,5,5,6,5,2,5,3,6,5,3,3,6,4,6,3,3,5,7,6,3,6,2,3,6,5,5,3
106,男性,19,回避,3,2,3,2,3,2,4,1,4,4,1,4,1,2,2,1,3,2,4,3,15,32,65,82,65,2,2,6,2,5,6,6,2,4,6,6,3,2,2,5,5,2,7,4,7,2,2,6,2,6,6,6,5,1,3
107,男性,19,安定,4,2,3,2,2,1,3,2,2,3,2,2,3,2,2,2,4,2,3,3,15,32,15,82,65,3,5,2,6,4,6,3,2,4,4,5,2,5,5,5,4,3,3,5,2,4,5,4,3,5,2,4,5,6,4
108,男性,20,安定,3,2,2,2,2,1,2,1,3,3,1,2,2,2,3,3,2,3,4,3,82,65,50,65,32,3,5,5,4,4,3,4,2,5,6,5,4,5,6,3,3,4,4,4,5,2,3,5,3,4,1,3,5,5,5
109,女性,19,安定,3,2,2,3,3,1,1,1,2,4,1,2,1,1,3,4,3,2,4,4,50,50,82,50,50,3,4,7,2,4,7,5,5,4,4,4,3,1,1,4,2,2,7,1,7,4,4,4,1,6,6,4,5,3,3
110,女性,19,アンビバレント,3,1,3,3,3,1,3,1,3,4,2,2,1,1,3,4,3,1,4,4,50,82,50,50,50,4,5,6,3,4,5,6,5,5,4,5,5,3,3,5,4,5,6,4,5,3,5,3,5,7,5,5,7,5,4
111,女性,20,回避,3,1,4,2,2,1,3,1,2,3,1,2,3,2,4,2,2,4,4,3,65,65,65,65,50,5,6,5,6,5,6,7,3,4,5,6,4,6,3,4,4,4,6,4,6,5,5,5,5,6,1,5,5,2,4
112,女性,20,回避,3,1,3,2,3,1,4,4,4,4,1,2,4,3,3,3,1,1,3,3,0,65,50,65,32,3,5,5,2,5,5,7,4,5,5,4,2,7,6,5,2,1,6,1,7,5,5,2,5,6,5,6,5,7,1
113,女性,20,回避,4,1,3,3,2,1,3,1,2,4,2,3,2,1,2,3,3,2,3,3,50,65,50,50,50,3,4,5,3,4,5,5,4,4,5,6,3,5,4,6,3,3,6,5,7,4,5,5,2,6,4,3,3,3,5
114,女性,19,安定,4,1,4,3,2,1,3,1,4,4,1,1,1,1,4,4,1,2,4,4,50,82,65,15,0,3,2,5,6,6,2,2,5,3,3,3,5,3,2,3,3,5,3,1,2,5,3,2,6,3,5,3,6,5,1
115,女性,20,アンビバレント,3,1,4,2,3,1,2,1,3,4,1,1,1,1,4,4,3,1,3,4,82,65,82,100,100,1,7,7,5,6,7,7,1,2,6,7,5,7,7,7,4,1,7,3,5,5,5,1,5,5,1,5,7,7,1
116,女性,20,安定,3,1,3,2,3,1,2,1,2,4,1,2,2,2,2,2,2,2,3,3,32,65,50,50,32,5,5,6,5,4,4,5,3,3,4,5,5,3,3,4,4,3,5,3,5,6,4,3,4,5,5,5,4,3,3
117,女性,20,安定,3,1,4,3,2,1,2,1,2,4,1,3,1,2,3,4,2,2,3,4,50,50,65,32,15,5,4,6,4,4,5,5,5,3,3,5,5,2,2,5,5,4,6,3,5,4,5,3,5,6,5,5,5,4,3
118,女性,19,回避,3,1,4,3,4,1,2,1,3,4,1,2,1,1,3,4,2,1,4,4,65,82,82,15,15,5,5,4,2,3,5,5,3,3,3,5,2,3,3,5,1,1,3,1,5,4,5,2,5,5,3,2,5,5,3
119,男性,19,回避,3,1,1,2,2,2,3,1,2,3,1,3,2,2,3,3,3,2,3,4,65,65,65,32,32,2,4,6,2,3,6,6,5,5,5,4,4,5,5,4,3,3,5,4,6,4,4,4,3,6,4,4,4,5,4
120,女性,20,安定,3,2,3,2,3,1,3,1,1,3,1,2,1,1,3,3,3,2,4,3,65,65,82,32,50,3,6,7,5,5,6,4,5,4,5,4,2,3,4,6,4,4,7,5,5,4,4,5,2,6,5,4,5,6,4
121,女性,19,安定,2,1,4,2,2,1,1,1,4,4,2,3,1,2,4,4,2,1,4,4,32,50,100,65,82,7,4,6,2,7,6,6,6,3,3,5,5,4,5,5,4,2,7,1,7,4,4,1,6,5,5,4,6,4,1
122,女性,20,安定,3,1,4,3,3,1,1,1,3,4,2,1,1,1,3,3,1,1,4,4,65,65,50,32,32,5,5,6,3,5,6,7,2,3,3,5,2,6,6,5,2,1,7,2,7,5,5,1,5,7,3,2,5,3,2
123,女性,22,アンビバレント,2,3,3,2,3,1,2,2,2,3,2,2,2,2,1,3,3,2,3,3,32,50,50,50,50,2,3,5,5,4,5,4,4,4,5,5,4,6,6,4,3,2,5,5,4,2,4,5,2,4,4,5,4,7,4
124,女性,19,安定,3,1,4,3,2,1,3,2,3,4,1,1,1,1,2,3,3,1,4,3,50,50,50,65,50,3,4,6,6,6,6,5,5,4,5,4,4,4,5,4,3,3,6,4,6,4,4,4,4,6,5,5,6,5,1
125,女性,20,安定,3,2,4,3,3,1,2,1,4,3,2,2,1,2,3,4,2,2,4,4,82,82,82,15,15,5,5,5,3,6,5,3,2,2,3,6,4,5,4,6,4,3,5,2,5,5,6,2,6,5,2,2,6,5,2
126,女性,20,安定,3,2,3,4,3,2,2,2,3,3,2,2,2,2,3,3,2,2,4,3,50,50,50,32,32,2,4,3,4,4,3,3,4,3,4,4,3,5,5,4,3,3,3,4,2,3,4,2,4,2,4,3,4,6,3
127,男性,20,安定,2,2,1,2,2,1,2,1,2,3,2,2,1,1,2,4,2,2,4,4,32,65,50,32,15,3,2,5,5,5,5,5,7,6,5,4,4,4,5,4,4,3,5,3,5,4,4,5,4,4,6,4,5,5,4
128,女性,22,回避,3,1,4,3,2,1,4,1,4,4,1,2,1,2,4,4,1,2,4,4,15,50,50,82,15,7,6,5,6,5,5,5,3,3,2,4,5,3,2,5,6,5,5,5,5,7,4,2,4,5,2,6,7,2,3
129,女性,19,安定,3,1,4,3,3,1,2,1,2,4,1,3,1,1,4,4,2,1,3,4,50,50,50,65,65,4,4,5,5,5,5,3,3,4,3,5,4,4,3,4,4,3,5,3,5,4,4,4,4,5,4,4,4,5,4
130,女性,19,安定,3,1,1,3,2,1,2,1,4,4,1,1,1,1,4,4,1,2,4,4,65,65,82,15,15,4,4,5,5,6,6,5,5,4,4,6,4,4,4,5,4,4,5,3,7,4,4,4,5,4,4,4,6,4,1
131,女性,20,安定,2,3,2,2,2,3,2,2,2,2,2,3,3,3,2,2,2,2,3,2,15,15,15,82,82,4,3,6,4,4,6,6,6,4,4,2,4,3,3,3,4,3,6,5,6,4,3,5,3,6,6,4,4,3,4
132,女性,20,回避,3,3,4,3,2,1,3,2,1,4,1,3,2,1,3,3,1,2,4,3,33,66,33,33,16,6,3,1,3,4,1,5,5,3,5,4,2,5,4,3,4,3,2,2,5,6,6,5,2,2,5,6,3,5,6
133,女性,20,安定,3,2,2,2,2,3,3,3,2,3,1,3,3,2,3,2,3,2,3,2,33,51,33,83,51,5,6,6,2,4,5,3,6,2,2,3,5,5,5,4,3,2,6,6,6,5,2,5,4,5,6,4,4,5,4
134,男性,20,安定,3,1,1,1,4,1,4,2,2,4,1,4,1,1,3,4,3,2,4,3,83,83,83,66,1,5,5,7,6,6,7,5,5,4,7,6,5,7,5,5,2,5,7,5,7,3,5,1,6,7,5,6,7,2,3
135,女性,19,安定,3,1,4,2,3,1,2,1,3,4,2,2,1,3,1,4,3,1,4,4,99,99,99,33,16,3,2,6,7,5,7,3,4,5,5,6,4,2,5,5,4,3,7,3,2,6,5,2,1,6,3,5,6,6,2
136,男性,20,安定,3,2,2,2,2,1,3,1,1,4,1,1,1,1,2,3,2,2,4,4,51,66,66,51,16,2,5,5,6,4,5,6,5,5,6,5,3,6,6,5,4,3,6,4,6,4,4,4,3,5,5,5,4,5,4
137,男性,20,回避,3,1,4,2,2,1,3,1,2,4,1,2,1,2,2,3,3,2,4,3,16,83,66,16,16,5,2,6,5,2,7,6,5,4,6,4,1,5,5,3,2,2,7,6,6,4,3,6,2,7,2,5,3,6,6
138,男性,20,回避,3,1,3,1,2,2,3,2,2,2,2,4,3,3,3,2,1,2,3,3,1,51,1,99,51,1,7,5,2,3,5,5,6,5,5,5,4,4,5,6,4,3,6,5,5,3,6,5,4,6,5,3,1,5,4
139,男性,22,アンビバレント,3,2,3,1,2,2,3,2,2,3,2,3,2,3,3,3,2,3,3,3,83,66,83,66,66,3,3,5,3,5,5,6,5,5,6,5,3,6,5,5,3,5,7,3,6,5,4,3,3,6,3,5,6,6,3
140,男性,20,安定,3,1,3,2,3,1,1,1,4,4,1,1,2,1,1,2,1,1,4,4,83,66,83,1,33,3,5,5,2,6,5,4,1,2,4,5,5,3,4,5,3,2,5,1,5,4,6,3,5,2,5,4,6,6,1
141,男性,21,安定,3,3,2,2,2,2,3,2,3,4,2,3,2,2,4,4,1,2,3,3,51,51,66,66,51,3,5,4,5,5,4,3,6,4,5,5,4,5,5,4,3,3,5,4,5,4,5,4,4,5,5,4,3,4,3
142,男性,19,アンビバレント,2,3,2,1,2,2,2,1,1,3,2,2,2,3,1,1,2,2,4,4,1,83,83,16,66,2,3,5,6,2,6,3,2,3,5,5,5,4,4,3,4,2,6,5,6,6,2,7,1,3,2,5,3,5,6
143,男性,19,回避,3,3,4,4,2,1,3,1,3,4,1,3,1,3,1,4,1,4,4,3,1,1,99,1,1,1,5,1,4,4,1,1,1,1,5,6,4,7,7,7,4,3,7,1,7,6,3,5,2,1,1,4,1,7,5
144,女性,20,回避,2,3,3,1,2,1,2,1,3,3,2,4,1,3,2,4,3,2,3,3,66,33,83,66,1,2,6,6,3,3,6,4,5,6,5,6,3,7,6,5,2,1,6,6,5,2,5,5,1,5,5,3,7,7,6
145,男性,22,安定,4,1,4,2,3,2,3,2,1,3,1,2,2,2,4,3,1,2,4,3,66,66,51,51,51,5,7,3,2,4,3,3,2,6,7,7,4,6,5,6,1,2,2,3,5,5,6,5,4,2,2,1,3,6,5
146,男性,19,アンビバレント,3,1,4,2,3,1,4,1,2,4,1,3,1,3,4,3,2,3,4,4,16,83,16,16,16,5,5,5,6,4,5,5,2,3,5,6,3,2,5,5,2,1,6,3,6,5,4,5,5,5,2,2,5,3,3
147,男性,22,回避,3,2,3,2,3,2,3,2,4,3,1,3,2,2,3,3,2,2,4,3,51,51,51,51,51,4,3,5,4,5,3,5,4,3,2,4,5,4,3,6,4,4,4,2,3,5,5,4,6,4,5,5,7,5,3
148,女性,19,安定,3,1,3,2,3,1,3,1,1,3,2,3,3,2,3,3,1,1,2,3,33,51,33,66,51,5,5,5,5,6,4,3,4,5,6,4,3,6,6,5,3,3,5,4,5,4,5,3,2,4,4,4,2,5,5
149,女性,19,安定,3,1,3,2,2,1,3,2,2,3,2,2,2,2,3,3,4,2,4,4,66,83,66,33,16,4,5,6,5,5,6,5,3,3,3,5,4,3,3,6,3,3,7,4,7,3,6,2,4,6,2,3,5,5,3
150,女性,19,アンビバレント,3,1,3,2,2,2,3,2,3,2,1,3,3,3,3,2,2,4,4,2,66,51,66,33,1,3,5,2,5,4,3,2,4,2,5,6,5,5,5,6,4,2,1,4,2,4,6,2,4,2,3,5,5,6,2
151,女性,20,安定,3,2,3,2,3,1,2,1,3,3,2,2,2,2,2,3,2,2,3,3,51,66,33,33,66,4,5,5,2,4,5,5,2,3,4,5,3,3,2,4,2,2,6,3,6,2,5,5,4,5,2,2,5,3,4
152,女性,19,安定,3,4,3,1,2,1,4,2,4,3,1,3,2,2,3,2,2,3,3,3,33,66,51,51,16,4,3,5,3,5,3,6,6,2,2,3,5,2,2,4,4,3,5,3,3,6,5,3,4,3,6,3,5,5,3
153,女性,19,安定,4,2,4,3,2,1,2,1,2,4,1,2,1,1,3,4,1,2,4,4,51,99,83,16,16,3,5,5,6,7,3,3,5,4,4,6,5,5,5,6,5,4,4,3,4,3,6,2,7,3,6,6,6,5,1
154,男性,22,回避,2,4,3,1,1,3,4,3,3,2,3,3,2,3,3,3,2,4,2,2,16,51,33,83,66,1,3,2,6,4,5,6,7,4,7,2,3,5,6,4,2,4,6,6,6,4,4,7,2,6,7,5,3,4,6
155,女性,19,安定,3,1,3,2,2,1,2,2,3,4,1,2,1,1,2,3,3,2,4,4,51,66,33,83,83,3,6,7,5,6,6,6,2,4,3,6,5,5,5,6,4,4,6,4,7,5,6,2,5,6,1,2,5,5,5
156,男性,21,安定,3,1,3,2,4,1,1,1,2,4,1,1,1,1,3,3,1,1,4,4,51,51,51,51,51,1,4,1,4,6,3,3,1,1,2,5,3,7,5,6,2,3,1,1,6,4,5,1,5,1,1,1,6,7,1
157,女性,20,アンビバレント,3,1,3,1,2,1,3,2,3,4,1,3,3,3,2,4,3,2,4,4,83,99,83,16,16,3,5,2,4,5,4,3,6,6,6,6,3,2,3,6,4,2,4,3,3,1,4,3,1,1,6,4,4,4,3
158,男性,20,安定,2,2,2,1,2,2,3,3,2,2,3,3,3,3,3,2,3,3,3,3,33,51,33,66,51,3,3,6,3,3,5,5,5,5,5,4,3,5,5,4,2,2,6,5,6,3,4,5,4,5,5,3,4,5,4
159,女性,20,回避,3,2,4,2,3,2,2,3,1,3,1,3,3,2,4,1,1,2,3,3,16,16,51,16,66,6,5,6,6,5,5,6,3,3,3,5,3,2,2,5,3,3,6,4,5,6,6,5,6,6,2,4,5,2,2
160,男性,21,回避,2,1,2,2,1,1,2,3,2,3,2,2,3,3,2,1,1,3,4,3,16,66,66,33,16,3,2,6,3,2,6,6,6,2,2,3,6,2,5,5,2,4,7,3,6,3,4,7,4,6,6,4,2,6,5
161,女性,20,安定,4,2,4,3,3,1,2,1,2,4,1,1,1,1,3,4,1,1,4,4,66,83,99,33,16,5,6,4,6,5,4,6,2,2,4,6,5,5,2,6,6,4,2,2,4,5,5,4,3,3,1,6,5,6,3
162,男性,21,アンビバレント,3,1,4,2,2,1,4,1,1,4,1,4,1,3,4,4,2,2,4,4,51,99,83,16,1,7,7,7,5,1,7,6,7,7,6,2,2,7,7,4,1,1,7,3,7,6,2,5,7,7,7,6,5,2,6
163,女性,19,回避,3,3,3,1,2,2,2,2,1,4,1,3,2,1,2,3,4,1,4,4,66,51,1,83,16,1,6,7,5,3,7,7,6,6,5,4,2,3,2,4,1,1,7,6,6,2,5,6,3,7,6,2,3,2,5
164,男性,20,安定,3,2,4,3,2,2,3,2,4,4,3,2,3,2,3,2,3,4,3,4,66,66,83,51,33,5,6,6,7,6,6,5,3,2,5,6,3,6,5,6,2,5,6,5,6,6,5,6,5,7,3,2,6,5,1
165,男性,23,安定,4,1,4,3,2,1,3,1,3,3,1,1,1,1,3,3,1,1,4,3,66,66,83,16,16,3,3,3,7,6,2,3,5,4,5,5,6,4,4,4,3,5,3,1,3,5,5,2,6,3,5,6,6,3,1
166,男性,19,回避,3,2,2,1,3,2,3,2,1,3,2,2,2,2,2,3,3,3,3,3,51,51,51,66,66,4,4,2,5,5,2,4,3,4,4,4,4,4,4,3,4,4,2,5,6,7,4,6,4,2,4,5,5,5,5
167,男性,19,アンビバレント,3,1,4,2,2,1,3,1,3,4,1,3,2,2,4,3,2,2,4,3,33,83,66,83,83,2,5,6,3,3,6,6,5,5,6,6,2,6,6,5,3,2,5,5,6,3,5,5,4,6,5,4,5,5,5
168,男性,19,安定,3,2,4,2,3,2,2,2,2,3,1,1,2,2,2,3,2,3,3,3,33,83,66,16,66,5,6,3,6,5,3,5,4,3,5,6,4,5,5,6,5,5,2,2,2,6,6,5,5,3,2,6,5,5,3
169,女性,20,アンビバレント,3,2,3,2,4,1,2,2,2,3,1,3,1,1,4,3,2,2,4,4,66,83,83,51,66,5,5,6,6,4,6,5,5,5,5,4,4,6,6,5,4,3,7,5,6,4,4,5,4,6,5,4,7,6,4
170,男性,19,回避,4,1,3,2,2,1,3,3,1,3,1,2,2,2,1,2,3,3,4,4,51,51,51,83,33,3,3,7,3,2,6,6,3,7,7,5,2,6,7,4,2,1,7,7,7,3,5,7,1,7,2,2,3,6,7
171,男性,19,回避,3,2,3,2,3,2,3,2,3,3,2,4,2,2,2,3,2,4,4,3,16,83,51,66,33,2,4,6,4,5,6,5,3,3,4,4,5,7,5,5,4,3,5,3,6,5,5,4,5,6,2,5,4,6,4
172,男性,19,安定,3,2,4,2,3,1,2,1,2,3,1,3,2,2,3,3,3,2,3,3,83,83,83,16,16,2,4,5,5,4,5,5,4,4,6,5,4,6,6,5,3,3,4,4,4,5,4,5,5,2,4,3,5,6,3
173,男性,19,安定,2,1,3,2,3,1,3,2,3,3,1,1,1,1,2,3,2,2,3,3,16,51,51,51,33,1,6,5,3,6,4,3,3,5,7,6,4,7,7,5,2,3,3,2,3,4,6,2,6,2,2,4,5,7,2
174,男性,19,安定,3,3,3,2,3,1,3,2,3,3,2,4,2,2,3,2,3,2,3,3,51,51,16,66,51,5,6,3,4,4,4,5,4,4,3,5,3,6,6,6,4,4,3,4,4,6,6,6,3,5,4,5,3,5,4
175,男性,19,安定,3,2,3,2,2,2,2,2,3,3,2,2,2,2,3,2,2,2,3,4,33,66,33,66,33,1,6,5,5,5,5,5,3,3,5,5,3,5,5,5,3,3,5,3,3,3,5,3,5,5,3,5,5,5,3
176,男性,20,安定,3,1,4,4,3,1,1,1,2,4,1,1,1,1,3,4,2,1,4,4,66,83,66,33,16,3,4,5,4,6,5,6,4,3,3,7,4,1,1,7,4,4,6,5,5,4,7,3,4,5,4,5,5,6,5
177,男性,19,回避,3,2,4,2,2,1,3,1,2,3,1,3,3,2,2,2,2,2,4,3,51,66,66,33,16,2,6,3,7,6,5,2,5,6,5,6,3,3,6,5,2,5,4,5,3,3,2,6,5,3,2,5,5,6,3
178,男性,20,安定,3,1,4,2,3,1,3,1,4,4,2,2,1,1,2,4,1,1,4,4,66,83,66,16,16,5,5,5,6,5,3,5,6,4,5,5,4,4,5,5,3,2,4,2,6,5,4,4,5,5,6,5,5,4,3
179,女性,20,安定,4,1,3,2,3,1,2,1,3,4,1,1,2,2,3,3,3,2,3,4,66,66,66,51,33,2,5,6,3,5,7,6,6,4,7,6,3,7,7,7,2,2,6,5,6,2,6,2,5,5,5,2,7,6,4
180,女性,20,回避,3,2,3,3,3,1,2,2,3,4,2,3,2,2,3,3,2,2,3,3,66,66,66,51,51,4,5,5,4,5,5,5,4,4,5,5,4,4,3,4,3,3,5,2,5,4,3,4,5,5,5,4,5,4,3
181,女性,20,安定,4,1,4,3,4,1,2,1,3,4,1,1,1,1,4,4,2,1,4,4,67,84,84,17,17,2,5,4,2,5,6,1,3,5,5,4,5,5,6,6,2,2,5,4,2,2,5,3,4,2,5,1,7,6,2
182,女性,20,回避,3,1,3,3,2,1,2,1,2,3,1,2,3,2,2,3,2,2,3,4,49,67,67,49,34,5,5,5,3,3,5,5,5,2,2,4,5,3,3,5,5,4,5,4,5,5,5,5,3,5,4,2,5,6,5
183,女性,20,回避,3,1,3,2,2,1,3,1,1,4,1,1,1,1,1,3,4,2,4,4,49,49,49,49,49,2,7,7,3,2,7,2,1,2,6,6,3,7,6,6,2,2,6,7,2,5,3,7,2,5,3,2,1,7,7
184,女性,20,安定,3,1,3,3,3,1,2,1,3,3,1,1,1,1,3,3,1,1,3,3,67,67,67,17,17,4,6,3,4,6,4,3,3,2,2,6,5,4,4,6,4,2,3,2,2,3,5,2,5,2,3,2,5,5,1
185,女性,20,回避,3,2,3,2,2,2,3,3,1,3,1,3,1,3,2,3,3,2,4,3,67,34,49,67,49,3,3,6,7,6,7,7,5,4,5,3,5,6,6,6,7,6,7,6,6,7,5,1,3,7,6,7,6,4,2
186,女性,20,安定,3,2,3,3,3,2,2,2,2,3,1,2,1,2,3,3,2,2,4,3,84,67,84,34,34,3,5,3,4,5,4,4,4,4,5,5,3,5,5,4,3,3,4,3,3,3,4,3,4,4,4,3,5,5,2
187,女性,20,安定,3,1,3,3,3,1,3,1,3,3,1,2,1,1,3,4,2,2,4,4,49,84,84,84,49,3,5,4,5,6,5,4,3,4,5,6,5,3,4,5,5,4,5,3,4,5,5,3,5,5,4,4,5,5,3
188,女性,20,回避,3,2,3,2,2,2,4,2,2,3,1,3,3,2,3,2,3,3,4,2,67,67,34,17,17,6,3,7,7,4,6,7,6,7,7,4,4,2,2,6,2,4,7,4,7,6,5,2,5,7,3,2,7,2,1
189,女性,20,安定,3,1,4,3,3,1,2,1,2,3,1,2,1,1,3,3,2,2,4,4,49,67,49,34,2,6,6,6,4,3,5,5,3,2,3,5,3,2,5,5,4,4,6,5,7,3,5,5,3,5,3,4,3,2,5
190,女性,20,回避,3,2,4,2,2,1,2,2,1,3,1,3,3,1,4,4,2,1,4,4,34,49,17,34,49,1,3,6,6,6,6,4,5,4,5,5,3,5,5,6,3,4,5,5,6,7,5,6,2,4,5,5,2,5,4
191,男性,20,安定,4,1,4,2,2,1,2,1,2,4,1,1,1,1,4,3,1,2,4,3,67,84,84,2,2,3,6,2,5,5,3,2,1,5,6,7,4,5,5,6,2,3,3,4,5,5,6,4,4,3,2,5,3,7,5
192,男性,20,アンビバレント,3,1,3,2,2,1,3,2,2,3,2,2,2,3,2,4,3,3,4,3,17,67,34,67,49,6,5,7,5,5,7,7,5,4,4,5,4,3,3,5,3,2,7,3,6,5,5,4,4,5,6,5,4,3,3
193,男性,20,アンビバレント,3,3,3,2,4,1,2,2,2,3,2,3,2,2,1,3,4,2,3,3,49,67,49,67,67,4,5,6,3,2,5,4,3,4,5,6,3,2,4,5,2,2,6,6,5,4,4,5,2,6,4,2,2,6,7
194,男性,20,安定,3,1,3,2,3,1,2,2,4,4,2,2,1,3,4,3,2,2,4,4,84,67,84,67,67,5,5,6,6,6,5,5,4,2,4,6,6,5,5,6,7,6,5,3,4,6,6,3,6,3,4,6,6,5,4
195,女性,21,安定,3,2,1,2,3,1,1,1,3,3,1,2,2,3,3,3,3,1,4,4,84,84,84,49,34,5,5,5,4,5,6,3,3,2,5,6,4,5,4,5,5,4,5,4,5,5,5,4,3,2,3,5,6,3,5
196,女性,20,安定,4,1,4,3,4,1,1,1,3,4,1,2,1,1,4,3,1,2,4,4,84,84,98,34,34,5,6,6,5,5,6,6,3,5,5,6,5,3,3,5,5,5,6,4,5,5,6,5,5,6,2,5,6,5,5
197,女性,20,安定,4,1,4,3,3,1,2,1,3,4,1,2,1,1,4,4,1,2,4,4,67,84,84,34,34,5,4,5,3,6,4,6,4,2,4,6,5,2,2,6,2,3,5,2,5,4,5,3,4,5,4,3,6,3,3
198,女性,20,安定,3,1,4,2,2,1,2,2,3,4,1,2,2,2,3,3,2,2,4,4,34,67,34,49,49,2,5,4,3,6,4,4,2,4,5,5,3,5,5,5,4,3,4,2,5,5,5,2,6,4,3,2,6,6,2
199,女性,20,回避,3,1,3,3,4,1,2,2,2,3,1,2,1,2,3,3,1,2,3,3,67,67,84,34,34,5,6,4,5,5,5,4,3,3,4,5,4,2,2,5,6,4,4,4,5,3,5,3,5,5,2,5,6,5,2
200,女性,20,回避,3,2,4,2,3,2,2,2,3,3,1,1,1,1,3,3,2,3,4,3,84,84,84,17,17,3,6,5,6,6,5,5,2,3,4,6,3,6,5,6,5,5,5,2,1,6,6,2,5,3,2,3,6,2,2
201,女性,20,安定,2,1,3,2,3,1,2,1,3,4,1,1,1,2,3,3,1,2,4,4,67,84,67,17,34,5,3,3,2,5,5,4,5,4,3,5,3,2,6,4,2,1,4,2,2,2,5,3,6,2,6,2,7,7,3
202,女性,20,安定,3,1,4,3,3,1,2,2,3,4,1,3,1,1,3,3,1,2,4,3,17,49,49,34,2,5,5,5,5,5,5,5,4,4,3,6,5,2,2,6,5,4,6,3,3,4,5,2,6,5,4,6,6,5,2
203,女性,20,安定,3,1,3,3,3,1,2,1,2,3,1,2,2,1,3,3,2,4,3,3,67,67,84,17,17,6,6,6,3,3,5,3,2,2,3,6,4,2,2,6,3,3,6,2,5,5,6,2,5,5,3,3,6,2,2
204,女性,21,安定,3,2,4,2,3,1,2,1,3,4,1,2,2,2,3,3,1,1,4,4,67,49,84,34,17,5,6,7,6,6,6,5,3,3,3,6,4,5,5,6,4,3,6,3,6,5,5,3,4,5,2,2,5,5,2
205,女性,20,安定,3,1,4,3,2,1,2,1,2,3,1,2,1,1,3,3,2,2,4,4,67,67,67,49,34,5,5,6,5,4,5,6,3,3,3,5,4,3,3,5,3,3,6,3,6,4,5,3,4,5,3,3,3,3,3
206,女性,20,安定,4,1,4,3,4,1,1,1,3,4,1,2,2,1,4,4,1,1,4,4,84,67,84,49,17,2,4,5,3,5,6,6,6,5,6,5,6,6,5,6,2,2,6,5,6,4,5,5,6,6,6,3,6,7,1
207,女性,20,回避,3,1,4,4,2,1,3,1,1,4,1,3,3,2,4,4,2,1,4,4,84,49,67,67,49,6,2,5,5,5,3,5,7,6,6,3,4,1,3,5,6,6,3,1,2,7,6,4,4,3,3,6,6,2,4
208,女性,20,安定,3,1,3,3,2,1,3,2,3,3,1,2,1,1,3,3,2,2,4,4,67,67,49,49,67,3,3,6,5,4,6,5,4,5,5,5,3,4,4,6,3,3,6,3,4,3,5,2,4,5,4,3,3,5,3
209,女性,23,回避,3,1,4,2,3,1,3,1,2,3,1,3,2,1,2,3,2,1,4,4,49,49,49,67,67,5,6,7,7,3,5,6,2,2,2,4,3,5,1,5,5,2,7,5,6,6,6,3,1,7,2,1,4,5,6
210,男性,20,アンビバレント,3,2,3,3,2,1,2,1,3,3,2,2,2,2,1,4,3,1,4,4,84,98,67,34,34,2,6,7,4,1,7,4,4,4,5,7,1,2,4,6,2,1,7,7,7,3,6,5,6,7,4,3,5,1,4
211,女性,20,回避,3,2,3,2,2,2,3,2,1,3,1,3,2,2,3,3,1,2,3,3,34,34,49,34,34,5,3,3,3,3,3,2,2,2,4,4,3,5,5,4,4,3,2,3,2,4,3,5,3,2,1,5,3,4,4
212,女性,20,安定,4,2,4,2,3,1,2,2,2,4,1,2,2,1,3,3,2,2,3,4,67,67,84,17,2,5,5,3,4,5,5,3,3,4,4,5,2,4,5,5,3,2,2,3,3,2,4,4,4,3,4,3,5,5,3
213,女性,20,安定,4,2,4,3,3,1,3,1,3,4,1,3,2,2,4,4,1,2,4,4,34,67,67,34,34,2,5,6,7,6,5,7,6,3,3,5,4,5,3,4,3,5,6,2,6,6,6,3,5,6,4,7,6,7,2
214,女性,20,安定,2,1,3,2,3,1,3,1,3,3,1,1,1,1,2,4,1,2,4,4,67,67,67,49,49,2,5,5,4,6,5,4,3,3,5,5,4,6,6,6,3,1,6,2,5,3,5,2,5,5,3,1,6,5,2
215,女性,20,安定,3,1,3,3,3,1,2,1,3,4,1,1,2,1,2,3,2,2,4,4,67,98,84,49,34,3,5,6,3,6,6,4,2,4,3,6,5,6,6,5,3,5,6,3,6,4,5,3,5,6,6,5,6,6,3
216,女性,20,安定,4,1,4,3,4,1,2,1,3,4,1,2,1,1,4,4,1,2,4,4,49,67,49,34,34,5,5,3,3,5,6,5,2,3,6,6,5,6,6,5,2,3,6,1,6,2,5,4,4,6,5,2,6,6,3
217,女性,20,回避,3,1,3,2,2,2,3,2,2,3,1,3,2,2,1,2,3,2,3,3,49,49,34,67,17,3,5,6,6,5,6,6,4,7,7,6,4,6,6,6,4,3,5,6,6,3,4,6,3,5,4,2,4,6,6
218,男性,20,回避,1,3,2,2,3,3,3,3,1,2,3,3,3,4,2,2,3,3,2,1,17,34,34,84,67,5,5,6,3,2,5,6,5,6,6,3,3,3,5,5,2,3,7,6,7,5,5,6,2,6,5,3,3,5,6
219,女性,20,アンビバレント,3,2,3,2,2,2,3,2,1,3,2,3,2,3,2,2,3,3,3,3,34,49,49,67,49,3,4,6,6,3,6,6,6,6,6,3,2,5,5,4,2,2,6,6,6,3,4,5,3,6,5,6,4,5,5
220,女性,20,アンビバレント,3,1,3,2,2,1,3,1,2,3,1,2,2,1,1,2,2,3,3,3,67,49,84,49,49,6,5,5,6,2,5,5,4,4,5,5,5,3,3,5,5,3,6,6,6,5,5,5,3,7,3,5,3,5,5
221,女性,20,安定,3,1,4,3,2,1,2,1,3,4,1,1,1,1,4,4,2,1,4,4,49,49,67,17,17,6,5,4,5,5,5,4,5,3,3,5,5,5,4,5,4,4,5,2,5,4,5,3,5,5,5,3,5,2,2
222,女性,20,回避,4,3,3,2,3,2,3,2,1,3,1,2,2,2,2,2,2,3,3,3,49,67,49,34,17,5,6,2,2,5,3,2,3,6,6,6,2,4,5,4,1,1,2,4,3,2,4,5,2,2,3,1,4,5,4
223,女性,20,安定,4,1,2,2,3,1,2,2,4,4,1,1,2,2,3,4,1,1,4,4,67,98,84,84,49,4,5,7,5,6,7,5,3,4,6,6,2,2,5,6,5,2,7,2,6,4,5,1,7,7,2,4,6,6,1
224,女性,20,回避,4,2,3,1,3,1,2,3,3,3,1,3,2,1,2,2,2,2,4,3,49,67,49,67,17,6,4,3,6,5,2,5,4,2,2,6,5,1,1,5,2,1,5,5,5,3,3,6,5,4,2,6,5,5,2
225,女性,21,安定,4,1,4,3,2,1,3,1,1,3,1,1,1,1,3,4,2,1,4,4,67,67,84,17,2,6,4,5,6,4,5,7,2,4,3,6,5,5,3,5,4,3,2,3,6,7,4,5,3,2,1,6,5,5,4
226,女性,20,安定,4,1,3,4,2,1,3,1,4,4,1,1,2,1,3,3,1,2,4,4,84,67,67,49,17,2,7,3,6,3,5,2,1,6,6,6,3,5,5,6,7,7,2,2,1,2,5,3,5,2,1,5,7,2,2
227,女性,21,回避,4,1,3,3,2,1,3,3,3,3,1,1,1,2,3,2,1,2,3,2,67,84,84,17,17,3,5,3,5,5,5,2,2,5,5,5,6,5,5,5,3,3,2,3,3,3,5,3,5,3,2,5,3,5,2
228,男性,20,安定,3,2,2,2,3,1,3,2,3,3,2,2,2,2,3,3,3,2,4,4,67,67,84,34,34,2,5,5,5,5,6,6,3,4,5,5,4,5,5,5,4,3,6,4,6,4,5,4,4,6,3,5,5,5,3
229,女性,21,安定,3,1,4,3,3,1,1,1,3,4,1,1,3,2,4,2,1,2,3,4,34,67,67,34,17,5,6,6,6,7,5,6,6,6,6,6,3,5,5,6,3,5,5,2,6,5,5,1,7,6,5,6,7,6,1
230,女性,20,安定,3,1,3,3,2,1,3,2,2,3,1,2,1,2,3,3,2,2,4,4,67,84,84,34,34,4,6,5,6,6,3,2,2,2,4,5,5,4,4,6,5,3,4,3,5,5,6,2,4,4,2,6,6,4,1
231,女性,20,安定,4,1,4,3,3,1,2,1,3,4,1,1,1,1,3,4,1,2,4,4,98,84,98,17,2,6,5,6,7,6,5,5,1,5,4,6,5,5,3,6,7,6,5,4,5,6,6,2,4,5,1,6,6,5,5
232,男性,20,アンビバレント,3,2,4,3,3,1,2,1,2,4,1,2,1,2,3,4,2,1,4,4,67,84,98,17,2,2,4,6,3,5,6,7,3,2,5,5,5,5,6,6,3,4,6,1,7,7,6,4,3,6,3,3,4,5,1
233,女性,20,安定,3,1,4,2,3,1,2,1,3,4,1,2,1,2,3,4,1,2,4,3,98,98,98,2,2,1,7,6,5,7,5,2,4,3,4,6,4,5,5,5,4,3,5,2,1,2,5,1,5,5,4,3,6,7,2
234,男性,20,アンビバレント,3,3,3,2,3,2,1,3,2,3,1,2,1,2,3,2,1,1,4,2,68,68,68,35,18,5,3,5,5,5,3,2,5,3,3,5,3,4,4,3,2,2,2,3,6,5,5,2,6,3,3,2,6,6,2
235,男性,20,安定,3,1,4,3,3,1,2,1,4,4,1,1,1,1,3,3,1,1,4,4,68,68,85,35,3,3,4,6,3,5,6,6,1,1,1,6,6,2,3,5,5,5,7,4,7,3,5,2,6,7,2,2,7,4,2
236,女性,20,安定,3,2,4,3,4,1,2,1,2,4,1,2,2,1,3,4,1,2,4,4,97,85,97,18,3,6,5,6,6,6,5,5,3,4,4,6,3,2,3,5,4,2,5,4,2,4,5,4,5,3,2,4,3,5,5
237,女性,20,安定,3,1,3,1,3,1,2,1,3,4,1,2,1,1,3,4,1,1,4,3,48,68,68,35,18,5,7,7,5,5,4,6,5,1,5,5,3,5,5,7,4,3,7,1,6,6,7,1,4,3,5,5,7,6,1
238,女性,20,安定,3,1,4,3,3,1,2,1,3,3,1,2,1,1,3,3,2,2,4,4,85,85,85,18,18,5,5,5,5,5,4,3,2,2,3,5,4,5,5,5,5,3,5,2,5,4,4,2,6,2,2,5,5,5,1
239,女性,20,回避,3,1,4,3,4,1,1,1,3,4,1,2,1,1,3,4,2,1,4,4,68,85,85,35,18,3,4,5,4,4,5,5,4,4,5,5,4,2,2,6,3,2,5,4,5,4,4,5,3,4,3,3,3,4,4
240,女性,20,安定,4,1,4,3,4,1,2,1,2,4,1,1,2,1,3,2,2,1,4,4,85,97,97,18,3,2,5,4,2,5,5,1,5,2,6,6,2,6,7,7,2,1,6,2,6,4,7,2,2,3,5,1,6,7,3
241,女性,20,安定,4,1,3,3,3,1,1,1,4,4,1,2,1,1,3,3,1,1,4,4,85,85,85,18,18,5,6,4,3,6,4,4,3,3,5,6,4,2,5,5,2,3,4,2,3,3,6,2,6,3,3,2,6,5,2
242,女性,20,アンビバレント,3,2,2,1,3,2,2,2,1,3,1,3,2,2,2,3,2,2,3,3,48,68,48,48,48,3,3,5,2,3,6,4,5,4,5,3,2,4,4,4,1,2,5,4,5,3,3,4,3,5,5,2,4,5,4
243,男性,20,回避,2,3,3,2,3,2,3,2,1,2,2,2,3,3,2,2,3,4,3,3,3,48,35,97,68,1,4,7,5,2,6,7,2,6,7,4,1,7,7,4,1,1,7,6,7,3,4,6,1,7,2,5,1,7,6
244,女性,21,安定,3,1,4,2,3,1,2,1,3,4,1,2,1,1,4,3,2,2,4,4,48,85,68,18,18,4,5,6,5,6,4,4,3,2,2,5,4,5,5,5,4,3,6,2,6,4,5,2,6,6,3,4,7,5,1
245,男性,20,アンビバレント,3,2,3,2,3,2,3,2,4,4,1,3,2,2,3,3,3,1,4,4,85,68,35,68,68,4,5,6,7,6,5,6,2,5,5,5,4,3,4,5,7,3,6,2,6,3,5,3,4,5,4,5,5,5,4
246,女性,20,安定,4,2,4,4,4,1,2,1,3,4,1,2,1,1,3,4,3,1,4,4,85,97,85,18,18,3,6,6,3,6,5,2,2,2,3,6,5,6,5,6,4,5,6,5,7,5,6,1,6,5,3,3,6,6,3
247,男性,20,回避,3,3,3,3,2,2,4,2,1,3,2,3,4,4,4,2,4,3,4,3,68,48,68,85,85,6,3,6,6,3,7,7,7,7,7,4,6,6,6,4,4,5,4,4,4,6,4,4,4,6,4,6,5,6,5
248,女性,20,安定,3,2,3,2,3,1,2,1,4,4,1,2,2,2,3,3,2,2,4,4,68,35,35,85,68,3,5,7,6,6,7,5,2,2,5,5,4,5,6,5,4,2,7,4,7,4,4,2,5,6,3,4,7,7,1
249,女性,20,安定,3,2,4,2,3,1,2,1,3,4,1,2,1,1,3,4,2,1,4,4,68,97,85,18,18,2,4,6,3,5,5,5,2,2,4,6,4,3,3,5,4,3,6,3,6,4,6,2,6,5,2,4,6,5,2
250,女性,20,安定,4,1,4,3,3,1,2,1,3,4,1,1,1,1,4,4,1,1,4,4,97,97,97,3,3,3,4,3,6,5,3,1,3,4,5,6,5,4,5,5,1,4,4,2,3,4,5,1,7,2,2,6,7,7,1
251,女性,20,安定,3,2,3,1,2,2,2,2,1,3,2,3,2,3,2,2,4,2,3,3,68,68,68,35,35,5,4,6,3,3,6,6,3,4,5,4,3,3,3,5,3,3,7,5,7,3,4,5,2,5,4,3,3,4,5
252,女性,20,回避,4,1,2,2,2,1,3,3,3,4,1,2,2,2,3,2,1,2,4,4,85,68,35,68,68,2,6,6,5,3,5,6,1,6,6,6,5,5,5,5,3,4,6,5,2,6,5,2,3,5,1,2,3,5,4
253,女性,20,安定,3,1,3,3,3,1,2,1,3,4,1,1,1,1,3,4,2,2,4,4,48,85,68,18,18,2,5,3,2,4,6,3,3,4,6,6,4,7,7,4,3,2,4,4,2,2,4,4,3,2,2,1,2,7,5
254,女性,20,安定,3,1,4,2,3,2,2,2,4,4,2,2,2,1,1,3,2,1,3,3,48,48,48,48,48,2,3,6,5,6,5,5,4,3,3,4,3,5,5,5,3,2,5,4,5,4,6,2,6,6,4,3,5,6,2
255,男性,20,安定,2,1,3,2,2,2,3,2,1,3,2,3,1,1,3,1,2,2,3,3,3,3,3,97,97,2,3,7,2,3,6,6,5,4,5,3,4,6,6,3,2,2,7,5,6,7,3,6,3,6,3,2,2,7,3
256,女性,20,安定,4,1,4,3,3,4,4,1,2,4,1,1,1,1,3,4,3,1,4,4,85,85,85,18,18,5,5,6,4,3,6,6,2,2,2,6,4,2,1,5,2,2,7,3,7,3,5,6,2,6,2,3,4,4,5
257,女性,21,安定,4,1,4,3,3,1,2,1,2,4,1,1,1,1,4,4,1,1,4,4,35,97,97,3,3,3,4,3,5,7,2,5,5,1,1,5,6,5,4,6,4,4,3,1,2,7,6,2,5,2,1,1,7,5,1
258,女性,20,安定,4,2,4,2,3,1,2,1,3,4,2,2,1,3,4,4,3,2,4,4,85,97,85,18,18,3,5,5,7,7,5,3,5,4,4,6,4,5,6,5,4,3,6,4,7,6,5,5,4,5,4,6,6,6,3
259,女性,23,アンビバレント,4,1,2,2,4,1,1,2,3,3,4,2,1,2,3,3,3,1,4,4,68,68,68,3,18,3,3,3,7,5,4,4,5,3,3,4,5,4,4,5,6,4,3,5,4,5,6,5,5,4,5,6,6,5,4
260,男性,21,安定,3,2,2,2,3,1,1,1,3,4,2,2,1,2,4,4,2,1,4,4,68,68,85,35,18,3,3,5,4,4,5,4,3,5,5,5,4,4,4,5,3,2,5,5,5,3,5,4,4,5,3,3,3,5,5
261,女性,20,安定,4,1,2,3,2,1,3,2,3,4,2,2,1,2,3,3,2,2,4,4,68,68,68,48,35,4,4,5,5,6,5,5,2,4,5,6,3,5,5,6,4,3,5,2,5,3,6,3,2,5,1,3,5,7,5
262,女性,20,安定,3,2,3,2,2,2,3,2,4,3,3,3,2,2,3,3,3,2,2,3,35,68,68,35,48,3,4,5,3,5,6,5,5,3,3,4,3,2,2,5,4,1,5,5,5,4,5,4,2,4,5,4,3,6,5
263,女性,20,安定,4,1,1,3,3,1,2,1,2,4,2,2,2,2,3,3,2,2,3,3,68,85,85,18,18,5,6,5,6,5,5,4,4,3,4,6,5,5,5,5,3,3,5,4,5,4,5,2,4,4,4,5,5,5,3
264,女性,20,アンビバレント,3,1,3,2,2,2,2,2,2,4,1,2,2,2,3,4,3,2,4,4,68,68,85,35,18,4,5,5,5,4,5,4,2,3,3,5,3,3,3,5,3,2,6,5,6,4,4,5,3,5,3,4,6,5,4
265,女性,20,安定,3,1,2,2,3,1,3,1,3,4,2,2,1,2,3,4,3,2,4,4,85,48,68,68,68,3,5,7,6,5,6,7,3,3,5,6,5,3,2,6,5,5,7,5,7,5,6,3,5,7,3,6,5,3,5
266,女性,20,安定,4,2,3,2,4,1,2,2,3,4,1,1,1,1,3,3,1,1,4,3,68,68,48,48,48,5,4,5,4,5,4,4,3,4,5,5,4,5,5,5,3,3,5,4,5,4,4,4,5,3,3,4,5,5,4
267,男性,20,回避,2,3,3,3,2,1,2,1,3,4,2,3,4,3,2,4,2,2,3,4,18,85,68,68,35,2,5,6,4,3,5,5,5,3,5,5,4,5,5,6,4,3,6,5,6,4,6,3,4,6,4,5,4,5,6
268,女性,21,回避,2,1,2,1,1,4,4,4,3,3,1,4,4,4,4,1,4,4,4,1,3,18,68,35,18,2,5,5,7,5,7,5,7,6,6,1,7,6,3,3,6,1,7,5,5,6,1,2,5,7,7,6,2,5,6
269,男性,23,回避,3,1,4,3,2,1,3,1,2,4,2,2,2,2,3,2,2,3,4,4,68,68,68,68,68,1,6,5,5,2,5,5,1,4,5,7,5,4,4,6,6,3,6,5,5,5,7,2,2,5,1,5,3,6,4
270,女性,20,回避,2,3,3,2,2,2,3,2,1,3,2,3,2,2,1,3,3,2,3,2,48,48,48,68,48,5,4,5,6,3,3,6,4,4,4,3,4,4,3,4,3,3,5,5,6,5,4,7,3,5,4,4,3,4,6
271,女性,20,回避,3,2,3,1,3,1,2,2,4,3,1,3,1,1,2,2,3,2,4,3,35,35,35,68,48,3,1,7,2,6,6,6,7,6,6,2,2,3,5,5,6,2,7,4,7,5,6,5,3,7,7,5,4,6,6
272,女性,20,回避,3,2,3,3,3,2,4,1,4,3,1,4,2,2,2,3,2,2,3,3,68,68,68,68,48,2,6,6,4,3,3,2,2,2,7,7,5,7,7,6,7,7,2,4,2,5,6,2,6,3,2,7,5,6,2
273,女性,20,回避,2,2,3,1,2,2,3,2,2,3,1,3,2,3,2,2,2,3,3,3,18,68,48,35,48,3,4,6,5,3,6,6,6,5,5,5,3,5,5,5,3,2,6,6,6,3,6,5,5,6,6,3,4,4,3
274,女性,20,安定,3,1,4,3,3,4,2,1,3,4,1,2,2,2,3,4,1,1,4,4,85,85,85,18,18,6,5,5,6,6,5,5,5,4,2,5,4,2,2,5,4,4,5,3,5,4,5,2,6,4,3,3,6,3,3
275,女性,20,回避,3,3,3,2,1,2,4,2,4,4,1,3,1,3,3,2,4,4,3,3,18,18,18,85,85,5,2,6,6,2,6,4,5,5,6,6,2,2,2,4,2,2,6,6,7,5,5,6,2,7,5,6,5,2,3
276,女性,21,安定,3,2,4,3,4,1,2,1,2,3,1,2,1,1,4,4,2,2,4,4,68,68,68,48,48,5,6,7,6,5,3,4,3,3,2,5,4,1,2,6,5,4,6,1,7,6,6,1,5,6,3,4,5,2,1
277,男性,21,安定,4,1,4,3,2,1,3,2,3,3,1,3,3,2,3,3,1,2,4,3,85,85,68,35,35,3,6,6,5,7,3,5,2,3,6,6,3,6,5,5,5,6,6,2,3,3,5,2,6,3,2,3,6,6,1
278,男性,22,回避,4,2,4,4,4,1,2,1,3,4,1,2,1,2,1,4,2,1,4,4,68,85,85,35,35,2,6,6,6,5,5,5,4,3,5,6,4,4,3,6,2,2,5,3,6,7,6,4,5,5,4,5,7,5,2
279,女性,20,安定,4,2,4,3,3,1,3,2,3,4,2,1,2,2,3,3,2,2,4,3,68,97,85,18,18,3,5,2,5,6,2,1,3,3,5,5,4,5,5,6,2,5,2,2,3,5,5,1,5,1,3,3,6,5,3
280,女性,20,回避,4,2,3,2,1,2,3,2,2,4,1,2,1,1,3,4,1,3,4,3,89,85,100,0,0,2,4,5,6,2,6,3,6,6,7,5,6,5,7,5,1,3,6,3,6,2,2,5,2,3,6,2,5,5,6
281,女性,20,安定,3,1,4,2,4,1,3,1,4,4,1,2,2,1,3,3,2,3,4,4,88,100,87,0,0,3,5,5,7,7,5,2,5,6,3,4,5,5,5,7,2,4,4,1,6,6,4,2,7,4,6,5,7,5,1
282,女性,20,安定,4,1,4,2,4,2,2,1,2,4,1,2,2,1,4,3,2,1,4,4,68,84,90,62,39,2,5,6,5,5,5,7,3,3,7,6,6,7,5,5,4,6,7,4,7,6,6,2,4,7,5,4,5,6,3
283,女性,20,安定,3,2,1,3,2,1,4,1,3,3,1,2,1,1,4,4,1,1,4,3,100,100,100,69,6,3,3,3,3,5,3,3,7,6,7,3,7,7,7,5,5,5,3,3,4,5,3,7,5,4,7,5,5,7,5
284,女性,20,安定,2,1,3,3,3,2,2,1,2,3,2,3,2,2,2,2,2,3,4,3,60,55,55,40,30,4,3,5,5,5,5,6,4,3,6,5,2,3,6,5,2,2,6,4,7,2,5,3,4,6,5,2,6,5,2
285,女性,22,安定,3,1,3,3,2,1,2,2,2,4,1,2,2,2,2,3,3,2,3,3,67,44,49,59,5,3,6,5,6,5,5,5,5,7,6,5,3,6,6,5,5,2,6,4,6,5,5,2,3,5,5,5,5,3,3
286,女性,20,安定,3,2,3,3,3,1,3,1,3,4,2,2,2,1,3,4,2,2,4,4,70,62,61,61,50,5,5,6,3,6,6,6,5,2,5,5,6,5,3,5,3,2,6,2,6,6,5,2,6,6,4,2,5,6,3
287,女性,20,安定,4,2,3,2,3,1,3,2,1,4,1,2,3,2,2,1,2,3,4,4,50,87,82,0,0,2,4,5,6,4,5,2,2,7,7,5,1,5,7,5,1,1,3,5,5,5,4,5,1,1,2,4,5,7,4
288,女性,20,安定,3,1,4,2,3,1,1,1,3,4,1,4,1,1,3,4,1,1,4,4,50,75,100,30,10,2,3,5,4,5,7,3,1,4,7,7,3,7,7,5,2,1,5,2,5,2,5,2,5,5,3,1,5,7,4
289,女性,20,回避,3,1,3,2,3,1,3,1,2,4,1,2,2,2,3,4,3,2,4,4,81,80,81,19,18,2,4,4,5,5,2,2,5,2,3,5,3,2,1,5,3,3,6,4,6,2,5,2,2,6,4,5,5,4,4
290,女性,20,回避,3,1,4,2,2,1,2,1,2,4,2,1,1,2,2,4,2,3,4,4,75,70,60,20,30,2,3,5,3,5,5,6,7,4,5,3,4,6,6,4,2,2,7,5,3,2,4,3,4,6,6,2,4,4,3
291,女性,20,回避,2,2,2,3,2,2,3,3,2,3,2,3,3,3,3,2,4,2,3,3,30,40,27,85,25,3,5,5,6,5,5,6,2,4,6,5,5,7,7,5,3,2,6,5,5,6,4,5,5,6,3,5,5,7,5
292,男性,20,回避,3,1,3,3,2,1,4,2,3,4,2,2,3,3,3,3,1,4,4,4,77,72,80,0,0,1,6,5,7,4,6,7,1,5,5,6,7,6,7,7,5,5,7,3,7,7,6,4,3,6,2,5,4,7,3
293,女性,20,安定,3,2,3,3,3,1,3,1,2,4,1,3,1,2,3,4,3,1,4,4,16,17,55,21,16,6,4,5,5,4,5,4,3,5,6,4,4,3,5,4,3,2,4,4,5,5,4,3,2,5,5,4,2,6,4
294,女性,20,安定,3,1,4,3,3,1,4,1,4,4,1,1,1,1,3,4,1,3,4,3,53,60,77,34,38,3,6,5,6,6,2,2,1,2,5,7,7,6,7,5,5,3,2,2,6,5,6,2,6,2,3,5,6,7,2
295,女性,21,安定,3,1,4,4,3,1,2,1,3,4,1,1,2,2,3,4,1,1,4,4,80,92,96,5,5,5,5,4,7,6,4,6,3,2,2,5,6,3,3,6,6,6,5,2,6,7,6,2,4,7,4,6,6,2,1
296,女性,20,回避,2,1,2,1,2,2,4,4,3,3,2,4,4,3,3,2,3,3,4,2,44,50,41,82,54,2,7,6,3,6,6,6,1,5,7,6,3,7,6,4,6,2,6,6,7,4,3,3,5,7,2,6,7,7,1
297,女性,20,安定,3,1,3,2,3,1,2,1,2,3,1,2,1,1,3,3,1,1,4,3,90,90,90,20,10,6,6,5,3,5,6,5,2,3,2,6,5,2,2,6,2,2,6,5,6,5,6,4,3,7,1,3,4,2,5
298,女性,20,安定,2,3,2,2,2,3,4,3,3,2,2,2,3,3,2,2,2,3,2,2,32,29,42,71,39,4,3,7,5,3,6,6,5,6,7,5,3,7,5,4,4,4,7,4,6,4,4,3,4,7,7,5,5,7,5
299,女性,20,アンビバレント,3,3,3,2,2,2,4,2,2,3,1,3,3,2,2,3,3,4,3,3,48,61,55,50,40,6,5,6,5,2,5,7,3,5,6,5,2,3,1,5,2,2,7,5,7,4,6,3,2,7,2,5,6,3,2
300,女性,24,安定,4,1,4,4,4,1,2,1,3,4,1,1,1,1,4,4,2,1,4,4,51,60,80,55,10,6,5,6,2,6,5,6,3,1,4,6,4,2,3,6,2,2,7,2,7,4,6,2,4,6,2,1,7,3,1
301,女性,20,安定,3,3,3,2,3,2,4,2,3,3,1,3,2,3,3,3,2,2,3,3,95,70,76,55,6,3,6,2,6,4,2,1,2,7,6,6,5,7,6,5,6,5,2,3,3,4,4,3,4,1,4,6,4,6,4
302,女性,20,安定,3,2,3,2,3,1,2,2,2,3,1,2,2,1,3,3,2,1,3,3,60,60,62,32,32,5,4,5,4,5,5,3,5,4,5,4,4,4,4,4,4,4,5,4,5,4,4,3,5,5,5,3,5,5,3
303,女性,20,安定,4,1,4,3,4,1,1,1,4,4,1,1,1,1,4,4,1,1,4,4,37,39,40,47,25,4,5,5,4,5,3,2,3,5,4,4,3,4,4,4,2,3,5,3,5,3,3,2,6,5,3,2,5,3,2
304,女性,20,安定,3,1,4,3,3,1,3,1,4,4,2,3,2,2,2,3,2,2,4,4,60,60,55,40,0,5,5,4,5,5,5,5,5,3,5,6,4,2,5,6,4,4,6,3,6,6,6,2,6,5,5,6,7,4,3
305,女性,20,安定,2,2,2,3,3,2,3,2,2,3,2,2,2,2,3,3,2,3,3,2,63,71,75,38,26,3,6,5,6,5,6,4,2,4,6,6,4,6,5,5,4,4,6,5,7,5,5,3,4,4,2,6,5,7,4
306,女性,20,安定,3,1,3,3,3,2,3,2,2,3,1,2,3,2,2,2,1,2,3,3,70,60,70,53,40,4,4,5,4,5,4,4,5,4,3,4,4,3,3,5,4,4,5,5,4,4,5,5,3,4,5,4,5,3,4
307,女性,20,安定,3,1,4,3,3,1,3,1,2,3,1,2,1,1,3,3,1,2,4,3,52,43,67,15,9,2,5,7,7,5,6,7,3,1,2,5,6,2,2,6,4,5,7,1,7,7,6,2,6,6,3,7,7,5,1
308,女性,21,安定,4,1,4,3,4,1,2,1,4,4,1,1,1,1,2,4,1,2,4,4,75,65,65,30,40,6,3,4,5,5,3,3,5,4,4,3,4,3,5,3,5,3,3,2,3,4,5,4,6,3,5,4,6,3,2
309,女性,20,アンビバレント,2,2,2,1,2,3,3,3,2,3,3,4,2,3,1,3,4,2,3,3,40,53,59,80,60,3,3,6,2,5,6,4,6,5,6,3,2,6,6,4,1,1,6,6,6,2,5,3,3,6,5,1,2,6,6
310,女性,20,安定,3,1,4,3,3,1,2,1,4,4,1,1,1,1,3,1,1,2,4,4,65,75,80,70,30,5,5,5,3,6,5,4,5,3,4,6,3,5,6,5,2,2,5,1,6,3,5,1,5,5,3,3,6,5,1
311,女性,20,安定,3,1,3,2,3,1,2,2,3,4,1,2,2,2,3,3,3,2,4,3,54,77,81,57,7,6,5,6,3,4,5,3,5,3,3,6,4,3,3,5,3,2,5,4,6,4,5,3,5,5,5,2,5,5,5
312,女性,21,回避,3,1,4,2,2,1,2,1,2,1,1,2,1,2,2,4,3,1,4,4,7,20,36,80,56,6,5,7,5,3,7,6,1,6,6,7,4,5,5,6,4,3,6,5,7,5,6,4,3,7,1,5,5,5,5
313,女性,20,回避,2,2,3,2,2,2,3,3,1,3,1,4,2,3,2,3,2,1,4,2,17,43,40,62,11,3,3,5,3,3,4,6,5,6,6,3,3,6,3,4,3,1,6,4,6,5,3,2,3,5,5,2,5,3,2
314,女性,20,安定,4,1,4,3,4,1,1,1,2,4,1,1,1,1,3,4,2,3,4,4,88,90,85,0,0,1,6,5,7,6,7,1,1,4,7,5,4,7,7,7,4,2,7,4,7,1,7,1,2,4,1,4,7,7,3
315,女性,20,安定,3,2,4,2,3,1,2,1,2,3,3,2,2,3,3,3,2,3,3,4,50,70,30,90,90,6,4,6,6,3,6,7,5,1,6,4,4,4,5,6,5,5,7,7,7,7,6,4,2,7,6,4,7,5,4
316,女性,20,回避,3,1,3,2,2,1,3,3,2,3,1,3,2,1,3,3,2,2,4,2,41,54,44,73,35,2,3,6,5,5,5,5,6,4,7,3,2,3,6,4,2,2,5,3,5,3,4,3,4,5,5,6,7,6,1
317,女性,20,安定,3,1,2,2,4,1,1,1,4,4,1,2,1,1,4,4,2,1,4,4,60,63,61,50,50,4,5,5,5,6,6,3,5,2,6,5,4,5,6,5,2,4,6,2,6,5,5,2,6,6,5,2,6,6,1
318,女性,20,安定,3,1,2,2,2,1,2,1,3,4,1,2,1,2,3,3,2,1,3,4,32,50,69,83,70,2,5,4,4,5,5,4,3,4,6,5,4,6,6,5,4,4,5,3,6,3,5,5,5,5,5,5,4,6,4
319,女性,20,安定,4,1,4,2,3,1,2,1,4,4,1,1,2,1,3,4,1,1,4,4,81,72,91,37,24,2,7,5,3,6,2,2,1,2,2,7,2,7,7,7,1,2,2,2,2,3,5,1,6,3,3,1,3,7,1
320,女性,21,安定,2,1,4,3,3,1,2,1,4,3,1,2,1,1,2,3,1,1,4,3,75,90,80,30,10,3,3,5,3,6,5,7,5,4,4,6,3,6,4,5,5,5,7,2,6,7,7,1,6,6,5,3,6,6,1
321,女性,20,回避,2,1,4,3,3,1,2,1,3,4,1,1,1,1,2,4,1,2,4,1,57,41,72,40,10,5,5,5,5,6,3,2,1,1,3,6,5,1,5,5,3,3,5,5,2,3,6,2,7,2,5,2,5,5,3
322,女性,20,安定,3,2,3,3,3,1,2,1,2,3,1,2,2,1,2,3,2,2,4,4,51,58,58,40,20,4,3,4,5,5,4,3,5,4,5,4,3,3,5,5,4,3,4,4,5,4,5,3,4,3,6,5,6,6,2
323,女性,20,アンビバレント,3,2,3,2,3,2,2,2,3,4,1,2,2,2,2,3,3,2,3,3,20,75,80,50,30,3,4,7,3,5,7,5,3,5,7,5,3,7,7,4,1,1,7,6,7,5,3,5,5,7,3,3,5,6,4
324,女性,20,安定,3,2,2,1,2,2,2,2,3,3,1,2,2,2,3,3,2,2,3,2,31,34,47,59,23,3,3,6,3,4,6,3,6,3,3,3,4,4,6,3,3,3,5,4,6,3,3,3,3,6,6,2,5,5,5
325,女性,20,安定,3,2,3,2,2,2,2,1,2,3,1,2,2,2,2,3,1,2,4,3,35,65,71,52,41,5,5,5,5,6,5,3,5,5,6,3,4,3,5,5,3,4,3,3,5,5,5,2,5,3,6,3,6,3,2
326,女性,20,回避,3,3,3,2,2,1,3,3,3,3,1,4,2,1,1,1,1,2,4,1,50,30,30,50,50,5,3,3,6,3,3,6,7,7,7,2,4,7,7,3,4,4,3,3,4,5,3,6,4,2,7,5,5,4,2
327,女性,20,アンビバレント,3,2,3,2,2,2,2,3,3,3,2,3,3,2,2,2,2,3,4,2,30,50,30,80,65,6,4,7,5,4,6,7,2,2,4,5,4,2,2,6,1,1,7,2,7,6,6,1,5,7,2,1,7,1,1
328,女性,20,アンビバレント,4,2,4,2,3,1,3,2,1,4,1,2,3,2,3,3,3,2,4,4,85,90,90,40,10,4,2,4,6,3,5,6,6,6,6,1,2,6,6,2,1,1,5,6,6,5,3,6,1,5,6,2,5,2,2
329,女性,20,回避,4,1,4,3,2,1,3,2,2,4,1,3,3,2,3,3,2,3,4,3,74,41,62,72,47,1,6,5,6,6,3,2,3,6,7,6,2,7,7,6,5,3,2,2,3,2,5,5,4,2,3,6,6,6,6
330,女性,20,安定,4,1,4,4,4,1,3,1,4,3,1,1,3,1,4,4,1,3,4,4,39,25,30,60,0,7,2,6,5,3,2,5,5,1,2,3,1,2,2,6,2,5,6,1,6,6,6,1,6,4,5,1,5,1,2
331,女性,20,安定,4,2,4,1,3,1,2,1,2,4,1,2,1,1,3,4,1,1,4,4,31,17,27,34,26,5,2,5,6,3,5,3,2,2,2,6,6,1,2,3,3,6,2,2,4,5,4,1,6,4,3,6,5,6,1
332,女性,20,安定,3,1,2,3,4,1,2,1,2,3,2,2,1,2,2,4,4,2,3,4,32,20,10,78,65,3,6,7,5,5,6,6,5,2,5,5,3,3,5,6,5,4,7,5,7,6,6,2,3,7,5,4,5,5,5
333,女性,20,安定,3,1,3,2,3,2,2,2,2,3,2,3,2,2,2,3,3,2,4,3,50,50,50,79,62,4,5,4,5,3,4,4,4,3,4,5,3,4,6,5,4,2,4,4,4,5,4,4,3,5,4,3,4,5,4
334,男性,20,安定,3,1,4,2,3,1,2,1,2,4,1,1,1,1,4,3,1,1,4,4,80,100,80,0,0,1,2,5,6,7,3,4,5,4,6,3,3,7,7,5,5,2,6,2,6,2,4,2,6,2,6,5,7,7,1
335,女性,20,アンビバレント,2,2,2,1,2,2,3,2,3,3,2,3,3,3,2,2,2,3,2,2,49,42,49,68,61,6,5,5,5,6,4,4,1,3,5,5,5,5,4,5,5,3,4,2,5,5,5,3,5,5,2,5,3,5,4
336,女性,20,安定,4,2,4,2,3,1,4,1,4,3,2,2,3,1,3,4,1,1,4,4,80,70,85,30,10,2,5,3,7,5,3,5,6,5,6,4,5,5,6,5,2,2,6,3,4,6,4,3,6,7,7,7,7,7,3
337,女性,20,回避,3,1,4,1,2,2,3,1,2,3,3,3,3,2,1,4,2,4,4,4,60,70,75,90,2,1,4,4,3,3,6,5,7,2,7,2,3,6,6,5,2,2,6,2,7,6,5,5,3,5,7,5,2,4,2
338,男性,20,安定,3,1,2,3,3,3,3,1,3,3,1,2,2,2,3,3,2,2,4,4,20,60,60,0,0,7,7,5,6,5,1,1,1,3,4,6,6,5,5,5,2,5,5,2,2,7,3,5,4,2,2,5,6,5,5
339,女性,20,安定,3,1,4,2,3,1,3,1,3,3,1,3,3,1,2,3,2,2,4,4,40,60,70,65,0,2,5,2,2,5,6,2,5,5,5,5,3,4,6,6,4,5,7,3,7,5,5,5,5,6,6,3,6,5,2
340,女性,20,安定,3,2,3,3,3,1,2,2,3,3,1,3,1,2,2,3,2,2,3,3,67,59,72,64,58,3,5,5,3,5,5,5,3,3,5,5,3,5,5,5,4,2,5,5,4,4,3,5,3,4,2,4,5,5,4
341,女性,20,安定,3,1,3,3,2,1,3,1,1,3,1,2,3,2,1,4,2,2,4,4,62,68,85,37,47,4,5,6,4,5,6,5,4,4,6,5,5,7,6,6,2,5,7,3,7,3,5,5,3,6,5,5,6,6,5
342,女性,20,アンビバレント,3,2,2,2,2,2,2,3,1,3,3,3,2,3,1,3,4,2,3,3,55,40,55,60,10,3,5,6,5,3,6,3,2,4,5,5,3,5,5,6,2,3,7,5,6,3,5,3,2,7,2,1,3,5,5
343,女性,22,回避,3,2,4,1,2,3,4,3,2,3,2,3,3,2,3,4,2,2,3,2,100,70,80,30,0,4,4,7,3,3,7,7,2,1,2,6,5,1,1,5,6,1,7,2,7,6,5,3,3,7,3,2,6,1,3
344,女性,20,安定,3,2,4,3,3,1,2,1,4,4,2,3,2,2,2,4,3,2,4,4,72,71,100,0,0,3,5,1,4,5,3,2,2,1,5,7,5,6,3,6,4,2,2,1,5,3,5,1,5,2,2,6,5,6,2
345,女性,20,安定,4,1,4,3,3,1,2,2,3,4,1,2,1,1,3,3,2,1,4,3,40,45,45,60,20,6,5,6,6,3,6,5,4,3,3,5,4,3,4,5,3,2,6,4,6,5,5,3,3,6,3,2,5,4,4
346,女性,20,安定,4,1,3,3,3,1,2,2,3,4,1,3,1,2,3,4,1,2,4,4,60,85,70,20,40,6,4,5,5,6,5,4,5,2,6,6,5,4,5,5,5,5,5,3,5,6,6,5,6,4,3,5,6,6,3
347,男性,21,安定,4,1,4,3,3,1,2,1,2,4,1,3,1,1,4,3,1,2,4,4,80,90,100,70,0,5,6,7,3,6,5,3,5,2,6,6,3,5,5,6,2,3,5,3,6,6,6,3,3,2,3,3,5,3,3
348,男性,20,安定,4,1,4,4,2,1,3,1,4,4,1,2,2,1,4,3,2,2,4,3,60,80,80,30,10,3,4,2,5,6,2,2,6,2,2,4,5,4,5,3,2,5,1,2,2,5,3,2,6,2,6,3,4,6,2
349,女性,23,安定,3,4,4,2,2,2,2,1,2,4,2,2,2,4,3,4,3,1,4,3,78,33,55,80,51,5,5,6,6,4,6,5,6,5,3,6,4,3,2,5,6,4,5,6,5,5,5,3,3,6,2,4,3,4,5
350,女性,20,安定,4,1,4,3,4,1,3,1,2,4,1,1,1,1,3,4,2,1,4,4,89,71,96,21,8,3,6,7,5,5,6,7,2,5,6,7,4,6,5,7,4,2,7,2,7,3,6,1,3,7,3,4,5,6,5
351,女性,20,回避,1,3,3,1,1,4,3,2,1,3,1,4,3,3,2,2,1,3,1,2,56,55,56,80,39,3,6,2,7,6,1,4,2,7,7,7,1,6,6,5,1,1,3,3,5,5,5,7,1,2,3,5,1,5,6
352,女性,20,アンビバレント,1,1,2,2,2,2,2,1,1,4,2,3,3,2,2,2,3,2,3,4,0,0,0,100,10,1,1,7,1,4,7,6,7,7,7,1,1,7,7,1,1,1,7,7,7,1,1,4,2,7,7,4,2,7,4
353,女性,20,安定,3,2,2,2,3,2,2,2,2,3,2,2,2,2,1,3,3,2,3,3,55,43,46,40,23,3,5,6,7,5,5,5,6,3,6,5,4,5,6,4,5,3,5,5,6,3,5,5,3,5,6,3,5,6,3
354,男性,20,回避,4,1,4,2,4,1,1,1,1,4,1,1,1,1,2,4,1,1,4,1,88,73,77,28,20,3,6,5,3,4,6,6,3,4,7,4,3,3,5,3,2,2,5,4,5,1,2,3,5,5,3,1,5,5,2
355,女性,20,回避,3,1,2,3,3,1,3,1,2,4,1,3,2,4,3,3,1,1,4,4,90,100,100,80,20,1,7,2,7,7,2,1,6,5,7,7,7,7,7,7,7,7,2,2,1,6,7,2,6,4,7,7,7,7,1
356,女性,20,アンビバレント,2,3,1,1,2,3,3,3,2,2,2,3,3,4,1,2,4,3,2,1,36,29,40,75,51,5,4,7,2,2,6,5,4,5,6,4,3,2,2,3,5,2,7,5,7,5,4,5,2,7,5,4,3,2,6
357,女性,20,アンビバレント,3,3,3,2,2,2,3,2,2,3,2,3,2,3,2,2,3,2,3,2,57,74,70,52,19,3,5,6,3,2,5,5,3,4,6,6,2,5,5,5,3,3,6,5,6,2,5,7,2,4,3,3,3,5,6
358,女性,20,回避,3,3,3,2,2,3,4,3,2,3,3,3,3,3,2,3,2,2,3,3,31,30,41,74,51,3,3,6,5,6,5,7,6,6,7,6,4,7,7,6,4,3,7,3,7,4,6,2,5,7,6,4,6,6,5
359,女性,20,回避,3,1,2,2,2,1,3,2,3,3,1,3,3,3,3,2,4,3,4,3,40,40,100,62,50,1,3,6,6,3,5,6,2,3,6,4,5,6,5,4,2,2,6,7,7,3,5,5,3,6,1,3,5,7,2
360,女性,20,回避,1,4,1,1,2,3,3,2,1,4,2,4,3,4,2,1,2,3,4,2,21,28,61,99,72,1,1,7,1,2,5,7,6,1,7,2,1,7,7,3,5,1,7,7,3,6,6,6,1,7,5,2,6,7,2
361,女性,20,回避,2,2,2,1,2,2,3,4,1,2,1,3,2,2,2,2,3,3,3,2,69,31,51,53,41,6,4,5,2,2,6,5,5,2,5,3,3,3,4,3,2,2,6,6,6,3,4,6,1,6,6,5,3,2,6
362,男性,20,回避,3,2,1,2,1,2,2,3,1,3,2,4,3,3,2,2,3,2,3,3,43,41,49,75,54,3,5,5,5,3,5,6,3,5,7,5,2,5,6,4,5,3,6,3,4,5,5,4,3,5,3,6,5,7,2
363,男性,20,アンビバレント,3,1,4,2,3,1,2,1,2,3,1,3,1,2,3,2,2,2,3,3,40,40,60,60,20,5,4,5,3,2,3,6,2,3,4,4,2,2,3,5,3,2,6,5,7,5,4,3,6,6,3,3,5,3,5
364,男性,22,回避,2,3,4,2,3,2,4,1,1,4,1,3,2,3,1,4,4,2,4,4,61,35,61,80,31,1,6,6,6,1,5,6,3,5,6,6,2,7,6,7,1,2,7,6,7,7,6,5,1,7,6,2,4,7,6
365,女性,20,回避,3,1,4,2,2,1,2,1,3,4,1,3,1,3,3,4,2,1,4,4,50,61,77,16,0,3,4,5,6,4,4,6,4,4,5,5,2,1,4,6,4,2,6,3,7,4,6,4,3,6,6,1,1,4,2
366,女性,20,回避,2,3,2,1,1,1,3,1,2,3,1,2,4,3,4,1,3,3,3,3,28,31,31,94,35,1,3,6,3,5,6,5,6,6,6,3,3,2,6,1,3,2,6,2,7,6,2,2,2,5,6,3,2,7,5
367,女性,20,安定,3,3,3,2,3,2,3,2,2,3,2,2,2,2,2,3,2,2,3,3,90,80,80,60,40,5,5,5,5,3,5,5,3,3,5,5,5,3,3,5,5,5,5,5,6,5,5,5,3,6,5,5,3,5,5
368,男性,20,回避,2,4,2,1,2,2,3,3,2,3,2,3,3,3,2,2,4,2,2,2,40,30,40,90,60,5,4,6,3,3,6,6,3,4,5,5,3,3,3,4,3,3,7,5,6,4,5,5,3,6,3,2,4,3,5
369,女性,20,安定,4,2,3,2,4,1,2,1,2,3,1,3,2,1,4,3,1,2,4,4,65,80,84,51,40,5,5,5,5,4,5,6,2,1,4,6,4,2,3,6,3,3,5,3,7,5,6,1,6,4,2,4,6,4,4
370,女性,22,アンビバレント,3,2,3,2,2,4,4,2,3,4,4,3,4,3,2,4,1,3,2,1,86,77,92,23,51,6,5,5,7,6,3,4,7,2,5,2,5,6,5,3,5,2,6,4,7,2,2,1,7,6,7,6,5,5,1
371,女性,20,回避,2,1,1,2,3,1,1,2,2,2,1,1,1,1,2,3,2,1,3,1,61,69,84,0,0,3,4,5,4,3,5,1,1,1,3,4,4,4,4,4,4,2,4,3,5,5,2,5,4,5,6,4,5,1,3
372,男性,20,回避,2,2,4,2,2,1,4,1,2,4,1,3,1,1,1,3,1,1,3,3,21,37,42,82,0,3,3,5,2,3,6,5,2,3,5,4,4,1,4,5,1,1,5,2,7,3,4,6,5,5,6,3,6,5,3
373,女性,20,回避,3,2,2,2,2,2,2,2,1,3,1,3,2,2,2,2,2,2,3,2,63,54,66,11,6,3,5,5,3,5,4,4,3,5,4,5,4,5,4,5,2,2,6,2,6,4,5,2,3,6,5,2,4,5,3
374,男性,20,安定,3,1,3,3,2,1,3,2,3,3,1,2,2,2,4,3,2,2,4,2,100,100,100,1,0,5,4,3,6,5,4,5,3,4,5,6,5,5,5,6,4,5,4,4,4,4,5,4,5,4,3,5,6,4,5
375,女性,20,安定,3,2,3,2,3,2,2,2,2,3,2,3,2,3,2,3,2,2,3,3,50,50,50,50,50,3,3,6,3,4,5,4,5,4,7,4,4,4,5,4,2,3,7,5,5,4,4,5,3,6,6,3,5,4,4
376,女性,20,回避,2,3,2,2,2,3,3,1,3,2,2,3,3,2,2,2,1,2,3,3,44,35,47,67,23,7,2,5,3,4,4,6,2,2,4,2,2,1,3,5,2,2,6,4,6,3,4,4,3,6,2,3,1,3,5
377,男性,20,安定,2,1,1,2,3,2,2,2,2,3,2,2,2,2,3,2,2,2,3,3,60,60,70,40,40,2,4,4,6,4,6,4,5,4,4,5,4,2,5,4,4,2,5,4,6,3,5,4,5,5,5,4,6,5,4
378,女性,21,回避,2,3,2,1,2,3,2,1,2,4,2,3,3,3,1,2,4,2,4,2,60,65,65,70,55,2,3,7,6,2,7,7,5,7,7,5,2,7,7,5,5,3,7,7,6,3,4,6,2,7,3,3,5,5,5
379,女性,20,安定,3,1,2,3,3,1,2,1,2,4,1,2,2,1,1,4,2,1,4,4,100,76,100,54,30,7,6,6,6,3,5,5,2,1,3,6,4,3,2,5,2,3,6,3,6,4,5,2,3,5,1,2,5,5,4
380,女性,20,安定,3,1,3,2,3,1,2,1,2,3,1,1,1,2,3,3,1,1,3,3,77,70,67,25,15,2,5,5,3,4,5,3,2,3,4,5,3,5,5,5,3,3,4,3,4,5,5,3,4,5,4,2,5,5,3
381,男性,21,安定,3,1,4,4,2,2,2,2,3,4,3,3,2,2,3,3,3,1,3,3,66,79,85,44,7,3,4,5,4,5,6,5,4,4,6,5,4,5,4,5,4,3,5,3,6,5,5,5,5,5,5,4,6,5,5
382,女性,20,安定,3,2,3,2,3,1,2,2,1,4,2,2,2,2,3,4,3,2,3,4,56,71,82,69,27,2,5,5,5,5,6,4,1,4,6,5,4,5,6,5,2,2,5,5,5,5,4,3,5,6,4,4,6,6,3
383,女性,20,回避,2,2,2,2,3,2,3,2,1,2,2,3,3,3,3,2,3,3,3,3,43,32,58,72,69,4,3,7,4,3,7,5,6,4,6,4,4,5,5,4,3,2,7,7,7,2,3,4,1,7,7,4,4,5,4
384,男性,20,回避,3,1,3,1,3,1,1,1,2,3,1,3,1,3,3,3,3,3,3,4,63,72,71,22,30,5,6,5,5,3,6,2,1,3,6,6,5,2,6,2,2,2,6,2,6,6,6,5,2,6,5,5,2,2,6
385,男性,20,アンビバレント,1,1,1,2,3,3,4,2,3,2,3,3,4,3,2,1,2,3,4,2,29,31,42,82,98,4,5,7,7,5,7,7,2,6,6,3,2,6,6,6,5,7,7,7,7,5,7,6,5,7,5,3,3,5,5
386,男性,20,安定,3,1,4,3,4,1,2,1,2,4,2,3,1,1,4,4,1,1,4,4,70,50,70,60,30,7,6,5,6,6,5,5,5,3,2,7,6,5,5,5,6,5,5,4,7,6,6,5,6,5,5,6,6,2,5
387,男性,20,安定,3,1,3,2,3,1,2,1,3,3,1,2,1,1,3,3,1,2,4,3,85,85,99,0,0,2,6,2,6,6,2,2,3,2,1,5,4,2,5,6,5,4,2,2,2,5,7,2,5,2,5,4,6,2,2
388,女性,20,回避,3,1,4,3,2,1,2,1,2,4,1,2,2,2,4,4,3,2,3,4,79,46,55,64,24,5,6,6,5,3,7,7,3,3,5,6,3,6,6,6,3,2,7,6,7,4,5,5,3,6,6,2,3,6,6
389,男性,22,安定,3,2,3,3,1,1,4,1,1,4,1,3,1,3,1,3,4,1,3,4,61,32,35,92,81,1,6,5,5,5,5,2,2,3,7,7,5,6,6,6,2,2,6,5,6,6,7,2,2,6,6,5,6,7,5
390,男性,20,回避,2,3,2,1,3,1,3,1,4,3,3,4,3,4,4,2,3,4,4,4,30,29,55,18,69,4,4,7,4,4,7,4,3,4,4,7,3,5,5,7,3,5,7,5,7,7,7,5,7,7,3,4,4,5,6
391,男性,20,回避,3,1,3,2,2,2,3,3,1,3,1,3,2,3,3,2,2,3,3,2,20,33,32,58,0,6,4,2,4,1,2,2,2,4,4,4,2,3,3,2,5,3,3,4,1,5,3,4,3,2,4,5,1,2,5
392,女性,21,安定,4,1,4,3,3,1,3,1,2,4,1,2,3,1,3,4,1,2,4,3,80,80,80,30,40,5,5,5,5,6,6,6,5,6,2,5,4,3,3,7,1,2,7,2,7,4,6,1,3,6,6,1,7,5,2
393,男性,20,アンビバレント,3,1,3,3,3,1,3,2,3,3,1,3,3,2,3,3,2,3,3,3,33,45,74,42,29,4,2,4,2,3,3,3,2,3,4,4,3,2,3,4,5,5,2,3,3,4,3,4,4,4,1,4,5,3,4
394,男性,20,安定,4,1,4,3,3,1,2,1,4,3,1,1,2,1,2,2,1,2,4,4,77,75,53,35,20,1,6,5,5,6,2,4,2,3,5,5,4,6,5,5,2,4,3,2,6,7,6,5,5,2,4,2,6,7,2
395,女性,20,安定,3,1,3,2,2,1,2,2,4,3,1,2,2,1,3,3,1,2,4,3,52,53,52,30,1,5,4,3,3,6,2,2,1,2,2,4,3,1,5,5,2,2,1,1,2,4,4,1,6,2,1,2,5,1,1
396,女性,20,安定,3,2,3,2,2,1,2,1,3,4,1,2,2,1,3,3,2,2,3,3,44,72,59,41,25,3,5,6,3,4,4,3,2,3,3,4,4,3,3,6,3,3,5,3,6,5,6,2,4,4,2,2,5,4,3
397,女性,20,回避,2,2,2,2,3,2,3,3,2,2,2,3,3,3,3,2,3,2,3,2,51,40,43,71,61,3,4,6,3,5,6,5,5,3,5,4,4,5,5,5,4,4,6,5,6,4,5,6,5,6,4,3,5,6,6
398,女性,20,安定,4,1,4,3,3,1,2,1,2,4,1,1,2,1,3,4,2,2,4,4,91,61,89,30,19,2,5,3,3,6,5,2,2,3,5,6,3,6,6,5,2,2,5,3,5,5,5,3,3,2,2,4,4,6,3
399,女性,20,安定,3,1,3,3,2,1,2,2,3,3,1,2,2,2,2,2,2,2,3,3,50,58,50,30,20,6,3,5,3,3,5,5,5,4,3,4,4,3,3,4,3,4,5,3,5,5,4,3,3,5,5,3,3,4,5
400,女性,20,アンビバレント,3,3,3,1,2,1,3,2,2,3,1,3,3,2,3,2,3,3,3,2,53,41,71,71,72,5,3,7,4,3,5,3,6,3,5,3,5,5,6,4,5,5,7,5,6,3,3,5,3,6,5,5,3,5,5
401,男性,20,安定,3,1,3,3,2,3,2,1,3,3,1,1,1,1,3,3,1,2,3,3,100,71,87,25,37,5,5,4,6,6,4,5,6,5,6,6,6,6,6,6,2,4,3,6,4,6,4,6,6,5,6,6,6,6,3
402,男性,20,アンビバレント,3,2,3,4,2,2,3,1,2,3,2,4,2,2,2,4,3,2,3,3,80,70,70,40,30,6,6,6,5,3,7,4,1,4,4,7,4,2,2,5,4,5,7,5,7,7,6,1,1,7,3,4,5,4,7
403,女性,20,安定,4,1,4,3,3,1,2,1,2,3,1,1,1,1,4,3,1,2,4,3,86,96,92,6,19,2,6,5,2,6,6,1,3,3,5,6,2,5,5,6,2,2,5,1,5,3,6,1,6,5,1,1,5,6,1
404,男性,20,回避,3,2,3,2,2,2,3,2,2,3,1,2,3,2,3,2,2,2,3,2,46,81,80,37,55,2,4,4,3,4,7,4,4,4,6,6,4,6,6,4,2,4,6,4,6,5,5,3,4,4,4,5,5,6,4
405,男性,20,回避,3,1,3,3,2,1,3,1,2,4,1,2,2,2,3,3,2,3,4,3,40,60,51,10,0,5,4,5,3,4,4,5,5,2,3,5,3,2,2,4,3,4,6,4,6,5,5,2,3,6,6,3,5,2,2
406,女性,20,安定,3,1,3,2,3,2,2,3,3,2,1,3,3,3,2,2,1,2,4,2,45,60,53,0,30,3,5,2,3,5,2,4,1,5,6,5,4,6,7,4,2,4,1,5,1,2,4,4,5,1,2,5,4,7,6
407,男性,20,アンビバレント,3,2,3,2,4,2,2,1,4,3,2,2,2,2,2,2,2,2,4,3,85,100,85,35,10,3,6,6,4,4,6,6,3,3,6,6,4,3,6,5,5,3,6,5,7,4,5,5,4,5,2,5,5,7,6
408,男性,20,安定,1,4,1,1,2,4,3,4,4,1,4,3,4,3,1,1,4,1,1,1,10,80,90,10,20,2,5,6,5,5,2,6,5,2,3,6,6,6,6,6,6,6,7,3,7,6,2,2,5,7,5,5,5,6,2
409,女性,20,安定,3,1,2,3,3,2,2,2,4,2,1,1,1,1,2,2,1,2,4,3,34,86,86,63,4,2,5,6,4,6,4,5,2,3,2,5,3,5,5,6,4,2,6,1,6,4,6,1,7,5,3,5,7,4,1
410,男性,20,安定,3,1,2,3,3,1,2,1,3,3,1,1,2,1,3,3,2,1,4,3,74,71,81,34,17,2,4,7,3,5,4,5,2,2,4,6,7,3,5,7,7,7,6,2,7,4,6,2,4,6,3,3,6,5,2
411,女性,20,安定,4,1,4,3,3,1,2,1,3,4,2,2,1,2,3,3,2,2,4,3,75,70,70,40,20,6,6,5,5,5,3,5,2,2,3,5,5,1,5,5,5,5,5,3,5,7,6,2,6,5,2,5,6,3,2
412,女性,20,安定,3,1,4,3,4,1,2,1,3,4,1,1,1,1,3,4,1,2,4,4,92,92,90,10,10,3,4,4,4,5,3,3,4,4,6,4,4,6,5,5,4,4,3,3,3,4,5,3,4,4,4,4,5,4,3
413,女性,20,回避,3,2,2,2,3,2,2,2,2,3,2,3,3,2,2,2,3,2,3,3,68,59,65,46,39,4,3,3,2,5,5,4,5,4,3,3,2,5,5,5,5,2,5,3,5,2,4,5,2,6,5,2,3,5,5
414,男性,20,安定,3,1,4,3,3,1,1,1,4,4,1,1,1,1,4,3,1,1,4,4,86,95,86,6,10,6,6,5,6,6,6,2,5,1,5,2,4,2,5,6,5,5,7,1,6,6,5,5,6,6,5,7,5,4,3
415,女性,20,安定,3,1,4,3,3,1,2,1,2,4,1,2,1,1,3,4,1,2,4,4,76,59,77,50,10,3,5,3,5,5,6,6,3,3,5,6,6,5,5,6,3,5,6,5,5,3,5,3,3,6,3,4,3,4,5
416,女性,20,回避,3,1,4,3,3,1,3,2,3,4,1,3,3,2,2,2,3,2,4,3,15,39,52,76,32,5,3,7,5,2,7,6,6,4,5,3,3,3,4,3,4,2,7,5,7,2,3,7,3,3,6,4,5,2,3
417,男性,20,回避,2,2,3,2,2,3,3,2,2,3,3,3,2,3,2,2,3,3,3,3,40,48,28,53,10,4,3,5,5,4,5,5,4,3,4,5,4,5,4,5,4,3,2,5,4,5,5,4,4,4,5,3,4,2,4
418,女性,20,安定,4,1,4,3,3,1,2,1,4,4,1,1,1,1,3,4,2,1,4,4,70,79,91,25,20,4,5,7,6,6,6,2,2,2,2,6,5,2,2,6,5,4,5,2,7,6,5,2,5,5,2,5,6,3,4
419,女性,20,安定,3,1,3,4,4,1,2,1,3,4,1,2,2,2,3,4,2,2,4,4,63,67,92,73,38,4,7,5,5,6,5,5,2,3,5,6,3,3,5,6,5,3,6,4,7,6,6,3,4,5,2,2,5,6,3
420,女性,20,回避,3,2,4,3,3,1,2,1,2,4,1,2,2,2,3,4,3,2,4,3,52,71,58,29,5,2,5,3,2,5,3,2,3,3,6,5,4,6,6,5,3,2,3,3,5,6,5,5,4,2,5,2,5,6,5
421,女性,21,回避,3,2,4,4,2,1,4,1,4,4,1,3,2,3,4,4,1,3,4,4,64,65,73,36,35,6,5,6,5,6,3,3,2,3,4,6,6,3,5,6,3,3,3,3,5,6,6,5,2,3,2,5,5,2,6
422,女性,20,安定,4,2,4,4,3,1,2,1,4,4,1,2,1,1,4,4,2,2,4,4,65,88,82,57,24,4,6,5,6,5,6,5,2,2,3,6,5,5,4,6,6,4,6,3,6,6,6,1,6,6,2,6,5,3,2
423,女性,20,安定,3,2,4,4,3,1,2,2,2,3,1,2,2,2,3,4,2,2,3,4,80,80,85,20,10,3,6,5,5,3,4,6,3,2,4,6,3,3,5,5,4,4,5,3,5,5,6,3,3,6,4,4,3,5,5
424,女性,20,安定,3,1,2,3,3,1,2,1,4,4,2,2,2,2,2,4,2,3,4,3,88,69,82,51,20,5,5,5,5,4,5,5,2,4,3,5,4,3,3,5,4,4,5,3,6,4,5,4,4,5,2,4,4,4,4
425,女性,20,安定,3,1,4,3,4,1,2,1,3,4,1,2,1,1,4,4,1,2,4,4,72,53,93,64,2,3,3,6,5,7,7,6,5,4,6,4,4,7,7,5,4,5,7,2,6,4,5,5,7,5,5,4,7,7,1
426,女性,20,安定,2,1,4,3,4,1,3,1,4,4,1,1,1,1,2,4,1,2,4,4,45,90,71,76,59,5,7,7,3,6,7,6,1,1,4,7,4,2,5,7,2,2,6,1,7,5,5,1,6,6,1,3,7,6,1
427,男性,20,安定,3,1,3,2,3,1,2,1,2,2,1,1,3,1,1,4,1,2,3,2,80,71,78,8,15,3,6,2,1,4,3,5,2,2,5,5,5,2,5,5,2,1,5,2,5,5,4,5,3,4,2,2,5,7,2
428,男性,21,安定,2,2,2,2,3,1,2,2,2,3,2,2,2,3,3,2,2,1,3,3,70,60,60,39,30,3,5,3,2,4,5,5,3,5,5,5,3,5,5,5,3,3,6,5,6,3,4,4,3,5,3,3,3,6,3
429,女性,21,アンビバレント,3,3,3,2,2,1,2,2,2,3,1,3,1,1,2,4,2,2,4,2,61,53,47,56,19,6,7,3,5,2,6,4,3,2,2,6,4,3,2,6,5,4,7,3,4,6,6,3,3,5,1,4,1,3,5
430,男性,20,回避,3,2,3,3,3,1,3,2,2,3,2,2,2,2,2,3,2,3,3,3,90,70,100,20,0,2,5,4,5,4,4,4,2,4,5,5,4,6,5,5,4,3,5,4,6,5,5,5,3,3,2,4,4,7,4
431,女性,20,回避,4,2,4,1,3,1,2,1,2,4,2,2,2,2,4,1,3,2,4,3,52,53,72,6,1,2,5,5,5,5,5,3,2,5,5,5,5,3,5,5,5,3,6,3,5,3,3,3,2,6,2,5,3,5,3
432,女性,20,安定,3,1,4,2,3,1,3,1,4,4,1,4,1,2,4,4,1,2,4,4,80,80,90,70,0,6,5,6,5,2,5,6,3,1,3,5,4,3,1,5,4,4,7,1,7,6,5,3,5,6,4,4,5,2,2
433,女性,20,回避,4,1,4,4,3,1,1,2,3,4,1,2,2,1,3,3,1,2,4,4,71,84,85,28,79,5,3,5,6,5,5,4,7,5,5,3,5,6,5,5,6,5,7,6,6,6,5,3,7,4,6,6,7,3,2
434,男性,20,安定,2,3,2,2,2,3,1,3,3,2,3,3,2,3,2,2,3,3,2,1,91,87,91,49,49,4,5,4,5,4,4,4,4,4,4,4,4,4,4,4,4,4,5,4,5,4,5,4,4,5,4,4,4,4,4
435,男性,21,安定,1,2,3,3,2,1,2,2,1,2,4,3,4,3,2,2,2,3,3,2,57,73,73,100,16,3,5,6,5,3,4,5,5,4,4,4,2,6,4,3,4,5,3,5,5,3,4,3,4,4,5,3,6,4,5
436,女性,20,アンビバレント,3,1,3,3,3,2,3,2,3,4,3,2,2,2,3,4,3,2,4,4,86,60,94,75,5,1,5,5,5,6,5,5,1,2,5,6,5,5,5,6,4,5,5,3,5,5,6,2,5,5,3,5,6,6,3
437,男性,22,安定,2,3,4,3,3,1,3,1,2,3,2,3,1,2,3,4,2,3,3,4,40,35,60,65,60,3,5,5,5,3,5,4,3,4,5,5,4,6,6,4,3,4,6,2,6,5,4,3,3,5,3,6,4,2,4
438,男性,20,安定,1,4,1,2,2,4,2,4,2,1,4,1,4,2,2,1,3,3,1,1,85,95,90,45,50,4,7,5,5,6,4,4,1,4,6,6,4,4,5,7,5,4,5,2,5,4,7,3,6,4,1,5,6,6,3
439,男性,24,安定,3,1,3,3,2,1,2,1,3,4,1,2,2,2,3,3,3,2,4,4,80,70,70,50,30,7,6,6,5,7,4,7,5,4,4,6,4,4,4,6,6,5,6,4,7,6,6,4,6,5,5,5,5,4,4
440,女性,20,安定,3,2,4,4,4,1,2,1,4,4,1,1,1,1,4,4,1,1,4,4,82,86,82,9,13,5,4,6,3,6,4,6,3,4,6,6,5,6,5,5,4,3,6,3,2,6,2,2,6,3,4,5,6,6,3
441,女性,20,回避,2,3,2,2,2,1,2,4,2,2,1,3,3,3,2,1,4,3,3,3,21,59,25,90,42,3,5,7,3,3,7,7,7,7,7,5,5,7,5,4,4,2,7,5,7,5,5,5,2,7,5,3,4,4,5
442,女性,20,アンビバレント,3,2,3,3,2,2,3,2,3,4,2,1,2,2,3,2,2,2,4,4,36,51,45,70,45,4,4,5,4,4,4,4,4,4,3,3,4,4,4,3,3,4,4,5,4,3,4,4,4,4,3,4,4,4,4
443,女性,20,安定,4,1,4,4,3,1,4,1,3,4,1,1,1,1,4,4,1,1,4,4,100,100,100,0,0,1,7,3,7,7,3,1,3,3,3,7,5,5,6,7,6,5,5,1,5,5,7,1,7,3,5,5,7,7,1
444,女性,20,安定,4,2,3,3,3,2,2,1,3,3,1,2,1,2,3,4,2,2,3,3,67,85,87,31,6,6,5,5,6,3,6,5,5,5,5,6,4,6,5,5,5,4,7,5,7,5,5,4,4,6,5,5,7,1,5
445,男性,20,アンビバレント,2,1,2,4,2,1,2,1,2,4,1,2,3,2,4,1,3,2,4,4,39,11,67,76,74,5,4,4,4,4,5,4,3,3,4,3,6,6,4,4,3,7,1,2,4,5,5,7,5,3,4,4,7,3,3
446,男性,21,アンビバレント,3,3,2,2,2,2,3,2,1,3,2,2,3,3,2,3,4,2,2,4,30,0,30,90,0,1,2,6,2,1,6,6,6,5,7,3,2,6,6,2,3,4,7,7,7,3,2,6,1,7,6,3,2,6,7
447,女性,20,安定,4,2,3,3,4,1,2,1,4,4,1,1,2,1,4,4,2,1,4,4,74,100,89,29,3,5,7,4,3,6,3,6,2,1,2,6,4,5,4,7,4,4,7,2,4,4,6,1,7,5,1,6,6,4,2
448,女性,20,安定,3,1,3,3,3,1,2,1,3,4,1,2,2,2,3,4,2,2,3,4,40,60,51,71,30,5,6,5,5,6,5,5,5,4,3,6,4,4,5,5,3,3,6,2,6,6,6,5,5,4,4,3,7,4,3
449,女性,20,回避,4,1,4,4,3,1,3,1,2,4,1,4,1,1,3,4,1,1,4,4,64,80,65,80,0,6,5,3,4,6,5,6,3,4,6,4,6,6,6,6,7,4,5,4,4,6,5,3,5,5,4,5,6,7,4
450,女性,29,安定,4,1,3,2,3,1,3,2,2,4,2,2,1,1,3,3,2,2,4,3,40,60,60,15,20,5,5,3,4,4,4,4,2,3,4,5,5,4,3,6,3,4,3,5,4,5,5,2,5,4,3,4,5,5,3
451,女性,20,安定,3,1,4,2,2,1,4,1,3,4,1,2,1,2,2,3,2,3,4,3,0,0,100,100,0,3,5,5,7,5,5,5,3,4,6,7,5,6,6,6,2,2,5,4,5,5,7,2,5,5,4,6,6,4,4
